time_s,beacon_visible,search_active,follow_active,mode,drone_x_cm,drone_y_cm,goal_x_cm,goal_y_cm,car_x_cm,car_y_cm,car_distance_cm,drone_speed_cm_s
0.0,1,0,0,hold,0.0,0.0,0.0,0.0,35.555,0.077,35.555,0.0
0.02,1,0,0,hold,0.0,0.0,0.0,0.0,36.109,0.153,36.11,0.0
0.04,1,0,0,hold,0.0,0.0,0.0,0.0,36.664,0.23,36.665,0.0
0.06,1,0,0,hold,0.0,0.0,0.0,0.0,37.219,0.306,37.22,0.0
0.08,1,0,0,hold,0.0,0.0,0.0,0.0,37.774,0.383,37.776,0.0
0.1,1,0,0,hold,0.0,0.0,0.0,0.0,38.328,0.459,38.331,0.0
0.12,1,0,0,hold,0.0,0.0,0.0,0.0,38.883,0.536,38.887,0.0
0.14,1,0,0,hold,0.0,0.0,0.0,0.0,39.438,0.612,39.443,0.0
0.16,1,0,0,hold,0.0,0.0,0.0,0.0,39.993,0.689,39.999,0.0
0.18,1,0,0,hold,0.0,0.0,0.0,0.0,40.547,0.765,40.555,0.0
0.2,1,0,0,hold,0.0,0.0,0.0,0.0,41.102,0.842,41.111,0.0
0.22,1,0,0,hold,0.0,0.0,0.0,0.0,41.657,0.918,41.667,0.0
0.24,1,0,0,hold,0.0,0.0,0.0,0.0,42.212,0.995,42.223,0.0
0.26,1,0,0,hold,0.0,0.0,0.0,0.0,42.766,1.071,42.78,0.0
0.28,1,0,0,hold,0.0,0.0,0.0,0.0,43.321,1.148,43.336,0.0
0.3,1,0,0,hold,0.0,0.0,0.0,0.0,43.876,1.224,43.893,0.0
0.32,1,0,0,hold,0.0,0.0,0.0,0.0,44.431,1.301,44.45,0.0
0.34,1,0,0,hold,0.0,0.0,0.0,0.0,44.985,1.377,45.007,0.0
0.36,1,0,0,hold,0.0,0.0,0.0,0.0,45.54,1.454,45.563,0.0
0.38,1,0,0,hold,0.0,0.0,0.0,0.0,46.095,1.53,46.12,0.0
0.4,1,0,0,hold,0.0,0.0,0.0,0.0,46.65,1.607,46.677,0.0
0.42,1,0,0,hold,0.0,0.0,0.0,0.0,47.204,1.683,47.234,0.0
0.44,1,0,0,hold,0.0,0.0,0.0,0.0,47.759,1.76,47.792,0.0
0.46,1,0,0,hold,0.0,0.0,0.0,0.0,48.314,1.836,48.349,0.0
0.48,1,0,0,hold,0.0,0.0,0.0,0.0,48.869,1.913,48.906,0.0
0.5,1,0,0,hold,0.0,0.0,0.0,0.0,49.423,1.989,49.463,0.0
0.52,1,0,0,hold,0.0,0.0,0.0,0.0,49.978,2.066,50.021,0.0
0.54,1,0,0,hold,0.0,0.0,0.0,0.0,50.533,2.142,50.578,0.0
0.56,1,0,0,hold,0.0,0.0,0.0,0.0,51.088,2.219,51.136,0.0
0.58,1,0,0,hold,0.0,0.0,0.0,0.0,51.642,2.296,51.693,0.0
0.6,1,0,0,hold,0.0,0.0,0.0,0.0,52.197,2.372,52.251,0.0
0.62,1,0,0,hold,0.0,0.0,0.0,0.0,52.752,2.449,52.809,0.0
0.64,1,0,0,hold,0.0,0.0,0.0,0.0,53.307,2.525,53.366,0.0
0.66,1,0,0,hold,0.0,0.0,0.0,0.0,53.861,2.602,53.924,0.0
0.68,1,0,0,hold,0.0,0.0,0.0,0.0,54.416,2.678,54.482,0.0
0.7,1,0,0,hold,0.0,0.0,0.0,0.0,54.971,2.755,55.04,0.0
0.72,1,0,0,hold,0.0,0.0,0.0,0.0,55.526,2.831,55.598,0.0
0.74,1,0,0,hold,0.0,0.0,0.0,0.0,56.08,2.908,56.156,0.0
0.76,1,0,0,hold,0.0,0.0,0.0,0.0,56.635,2.984,56.714,0.0
0.78,1,0,0,hold,0.0,0.0,0.0,0.0,57.19,3.061,57.272,0.0
0.8,1,0,0,hold,0.0,0.0,0.0,0.0,57.745,3.137,57.83,0.0
0.82,1,0,0,hold,0.0,0.0,0.0,0.0,58.299,3.214,58.388,0.0
0.84,1,0,0,hold,0.0,0.0,0.0,0.0,58.854,3.29,58.946,0.0
0.86,1,0,0,hold,0.0,0.0,0.0,0.0,59.409,3.367,59.504,0.0
0.88,1,0,0,hold,0.0,0.0,0.0,0.0,59.964,3.443,60.062,0.0
0.9,1,0,0,hold,0.0,0.0,0.0,0.0,60.518,3.52,60.621,0.0
0.92,1,0,0,hold,0.0,0.0,0.0,0.0,61.073,3.596,61.179,0.0
0.94,1,0,0,hold,0.0,0.0,0.0,0.0,61.628,3.673,61.737,0.0
0.96,1,0,0,hold,0.0,0.0,0.0,0.0,62.183,3.749,62.296,0.0
0.98,1,0,0,hold,0.0,0.0,0.0,0.0,62.737,3.826,62.854,0.0
1.0,1,0,0,hold,0.0,0.0,0.0,0.0,63.292,3.902,63.412,0.0
1.02,1,0,0,hold,0.0,0.0,0.0,0.0,63.847,3.979,63.971,0.0
1.04,1,0,0,hold,0.0,0.0,0.0,0.0,64.402,4.055,64.529,0.0
1.06,1,0,0,hold,0.0,0.0,0.0,0.0,64.956,4.132,65.088,0.0
1.08,1,0,0,hold,0.0,0.0,0.0,0.0,65.511,4.208,65.646,0.0
1.1,1,0,0,hold,0.0,0.0,0.0,0.0,66.066,4.285,66.205,0.0
1.12,1,0,0,hold,0.0,0.0,0.0,0.0,66.621,4.361,66.763,0.0
1.14,1,0,0,hold,0.0,0.0,0.0,0.0,67.175,4.438,67.322,0.0
1.16,1,0,0,hold,0.0,0.0,0.0,0.0,67.73,4.514,67.88,0.0
1.18,1,0,0,hold,0.0,0.0,0.0,0.0,68.285,4.591,68.439,0.0
1.2,1,0,0,hold,0.0,0.0,0.0,0.0,68.84,4.668,68.998,0.0
1.22,1,0,0,hold,0.0,0.0,0.0,0.0,69.394,4.744,69.556,0.0
1.24,1,0,0,hold,0.0,0.0,0.0,0.0,69.949,4.821,70.115,0.0
1.26,1,0,0,hold,0.0,0.0,0.0,0.0,70.504,4.897,70.674,0.0
1.28,1,0,0,hold,0.0,0.0,0.0,0.0,71.059,4.974,71.232,0.0
1.3,1,0,0,hold,0.0,0.0,0.0,0.0,71.613,5.05,71.791,0.0
1.32,1,0,0,hold,0.0,0.0,0.0,0.0,72.168,5.127,72.35,0.0
1.34,1,0,0,hold,0.0,0.0,0.0,0.0,72.723,5.203,72.909,0.0
1.36,1,0,0,hold,0.0,0.0,0.0,0.0,73.278,5.28,73.468,0.0
1.38,1,0,0,hold,0.0,0.0,0.0,0.0,73.832,5.356,74.026,0.0
1.4,1,0,0,hold,0.0,0.0,0.0,0.0,74.387,5.433,74.585,0.0
1.42,1,0,0,hold,0.0,0.0,0.0,0.0,74.942,5.509,75.144,0.0
1.44,1,0,0,hold,0.0,0.0,0.0,0.0,75.497,5.586,75.703,0.0
1.46,1,0,0,hold,0.0,0.0,0.0,0.0,76.051,5.662,76.262,0.0
1.48,1,0,0,hold,0.0,0.0,0.0,0.0,76.606,5.739,76.821,0.0
1.5,1,0,0,hold,0.0,0.0,0.0,0.0,77.161,5.815,77.38,0.0
1.52,1,0,0,hold,0.0,0.0,0.0,0.0,77.716,5.892,77.939,0.0
1.54,1,0,0,hold,0.0,0.0,0.0,0.0,78.27,5.968,78.498,0.0
1.56,1,0,0,hold,0.0,0.0,0.0,0.0,78.825,6.045,79.057,0.0
1.58,1,0,0,hold,0.0,0.0,0.0,0.0,79.38,6.121,79.616,0.0
1.6,1,0,0,hold,0.0,0.0,0.0,0.0,79.935,6.198,80.174,0.0
1.62,1,0,0,hold,0.0,0.0,0.0,0.0,80.489,6.274,80.734,0.0
1.64,1,0,0,hold,0.0,0.0,0.0,0.0,81.044,6.351,81.293,0.0
1.66,1,0,0,hold,0.0,0.0,0.0,0.0,81.599,6.427,81.852,0.0
1.68,1,0,0,hold,0.0,0.0,0.0,0.0,82.154,6.504,82.411,0.0
1.7,1,0,0,hold,0.0,0.0,0.0,0.0,82.708,6.58,82.97,0.0
1.72,1,0,0,hold,0.0,0.0,0.0,0.0,83.263,6.657,83.529,0.0
1.74,1,0,0,hold,0.0,0.0,0.0,0.0,83.818,6.733,84.088,0.0
1.76,1,0,0,hold,0.0,0.0,0.0,0.0,84.373,6.81,84.647,0.0
1.78,1,0,0,hold,0.0,0.0,0.0,0.0,84.927,6.887,85.206,0.0
1.8,1,0,1,follow_car,0.439,0.036,7.974,0.647,85.482,6.963,85.325,22.0
1.82,1,0,1,follow_car,0.877,0.071,15.947,1.297,86.037,7.04,85.444,22.0
1.84,1,0,1,follow_car,1.316,0.107,23.92,1.955,86.592,7.116,85.563,22.0
1.86,1,0,1,follow_car,1.754,0.143,26.793,2.201,87.146,7.193,85.683,22.0
1.88,1,0,1,follow_car,2.193,0.179,27.35,2.256,87.701,7.269,85.802,22.0
1.9,1,0,1,follow_car,2.631,0.216,27.906,2.311,88.256,7.346,85.921,22.0
1.92,1,0,1,follow_car,3.07,0.252,28.463,2.367,88.811,7.422,86.04,22.0
1.94,1,0,1,follow_car,3.508,0.289,29.019,2.422,89.365,7.499,86.159,22.0
1.96,1,0,1,follow_car,3.947,0.326,29.576,2.478,89.92,7.575,86.279,22.0
1.98,1,0,1,follow_car,4.385,0.363,30.132,2.534,90.475,7.652,86.398,22.0
2.0,1,0,1,follow_car,4.823,0.4,30.689,2.59,91.03,7.728,86.517,22.0
2.02,1,0,1,follow_car,5.262,0.437,31.245,2.646,91.584,7.805,86.636,22.0
2.04,1,0,1,follow_car,5.7,0.474,31.802,2.702,92.139,7.881,86.756,22.0
2.06,1,0,1,follow_car,6.139,0.512,32.358,2.759,92.694,7.958,86.875,22.0
2.08,1,0,1,follow_car,6.577,0.55,32.915,2.815,93.249,8.034,86.994,22.0
2.1,1,0,1,follow_car,7.015,0.588,33.471,2.872,93.803,8.111,87.113,22.0
2.12,1,0,1,follow_car,7.454,0.626,34.027,2.929,94.358,8.187,87.233,22.0
2.14,1,0,1,follow_car,7.892,0.664,34.584,2.986,94.913,8.264,87.352,22.0
2.16,1,0,1,follow_car,8.33,0.702,35.14,3.044,95.468,8.34,87.471,22.0
2.18,1,0,1,follow_car,8.769,0.74,35.697,3.101,96.022,8.417,87.591,22.0
2.2,1,0,1,follow_car,9.207,0.779,36.253,3.158,96.577,8.493,87.71,22.0
2.22,1,0,1,follow_car,9.645,0.818,36.81,3.216,97.132,8.57,87.829,22.0
2.24,1,0,1,follow_car,10.084,0.857,37.366,3.274,97.687,8.646,87.949,22.0
2.26,1,0,1,follow_car,10.522,0.896,37.922,3.332,98.241,8.723,88.068,22.0
2.28,1,0,1,follow_car,10.96,0.935,38.479,3.39,98.796,8.799,88.187,22.0
2.3,1,0,1,follow_car,11.398,0.974,39.035,3.448,99.351,8.876,88.307,22.0
2.32,1,0,1,follow_car,11.837,1.013,39.591,3.507,99.905,8.952,88.426,22.0
2.34,1,0,1,follow_car,12.275,1.053,40.148,3.565,100.46,9.029,88.545,22.0
2.36,1,0,1,follow_car,12.713,1.092,40.704,3.624,101.015,9.106,88.665,22.0
2.38,1,0,1,follow_car,13.151,1.132,41.261,3.683,101.57,9.182,88.784,22.0
2.4,1,0,1,follow_car,13.589,1.172,41.817,3.742,102.124,9.259,88.904,22.0
2.42,1,0,1,follow_car,14.028,1.212,42.373,3.801,102.679,9.335,89.023,22.0
2.44,1,0,1,follow_car,14.466,1.252,42.93,3.86,103.234,9.412,89.142,22.0
2.46,1,0,1,follow_car,14.904,1.292,43.486,3.92,103.789,9.488,89.262,22.0
2.48,1,0,1,follow_car,15.342,1.333,44.042,3.979,104.343,9.565,89.381,22.0
2.5,1,0,1,follow_car,15.78,1.373,44.598,4.039,104.898,9.641,89.501,22.0
2.52,1,0,1,follow_car,16.218,1.414,45.155,4.099,105.453,9.718,89.62,22.0
2.54,1,0,1,follow_car,16.656,1.455,45.711,4.158,106.008,9.794,89.74,22.0
2.56,1,0,1,follow_car,17.095,1.496,46.267,4.218,106.562,9.871,89.859,22.0
2.58,1,0,1,follow_car,17.533,1.537,46.824,4.279,107.117,9.947,89.978,22.0
2.6,1,0,1,follow_car,17.971,1.578,47.38,4.339,107.672,10.024,90.098,22.0
2.62,1,0,1,follow_car,18.409,1.619,47.936,4.399,108.227,10.1,90.217,22.0
2.64,1,0,1,follow_car,18.847,1.66,48.492,4.46,108.781,10.177,90.337,22.0
2.66,1,0,1,follow_car,19.285,1.702,49.049,4.52,109.336,10.253,90.456,22.0
2.68,1,0,1,follow_car,19.723,1.744,49.605,4.581,109.891,10.33,90.576,22.0
2.7,1,0,1,follow_car,20.161,1.785,50.161,4.642,110.446,10.406,90.695,22.0
2.72,1,0,1,follow_car,20.599,1.827,50.717,4.703,111.0,10.483,90.815,22.0
2.74,1,0,1,follow_car,21.037,1.869,51.274,4.764,111.555,10.559,90.934,22.0
2.76,1,0,1,follow_car,21.475,1.911,51.83,4.825,112.11,10.636,91.054,22.0
2.78,1,0,1,follow_car,21.913,1.953,52.386,4.887,112.665,10.712,91.174,22.0
2.8,1,0,1,follow_car,22.351,1.995,52.942,4.948,113.219,10.789,91.293,22.0
2.82,1,0,1,follow_car,22.789,2.038,53.498,5.01,113.774,10.865,91.413,22.0
2.84,1,0,1,follow_car,23.227,2.08,54.055,5.071,114.329,10.942,91.532,22.0
2.86,1,0,1,follow_car,23.665,2.123,54.611,5.133,114.884,11.018,91.652,22.0
2.88,1,0,1,follow_car,24.103,2.166,55.167,5.195,115.438,11.095,91.771,22.0
2.9,1,0,1,follow_car,24.541,2.208,55.723,5.257,115.993,11.171,91.891,22.0
2.92,1,0,1,follow_car,24.978,2.251,56.279,5.319,116.548,11.248,92.01,22.0
2.94,1,0,1,follow_car,25.416,2.294,56.835,5.381,117.103,11.325,92.13,22.0
2.96,1,0,1,follow_car,25.854,2.338,57.392,5.444,117.657,11.401,92.25,22.0
2.98,1,0,1,follow_car,26.292,2.381,57.948,5.506,118.212,11.478,92.369,22.0
3.0,1,0,1,follow_car,26.73,2.424,58.504,5.569,118.767,11.554,92.489,22.0
3.02,1,0,1,follow_car,27.168,2.468,59.06,5.631,119.322,11.631,92.608,22.0
3.04,1,0,1,follow_car,27.606,2.511,59.616,5.694,119.876,11.707,92.728,22.0
3.06,1,0,1,follow_car,28.043,2.555,60.172,5.757,120.431,11.784,92.848,22.0
3.08,1,0,1,follow_car,28.481,2.598,60.728,5.82,120.986,11.86,92.967,22.0
3.1,1,0,1,follow_car,28.919,2.642,61.284,5.883,121.541,11.937,93.087,22.0
3.12,1,0,1,follow_car,29.357,2.686,61.84,5.946,122.095,12.013,93.206,22.0
3.14,1,0,1,follow_car,29.795,2.73,62.397,6.009,122.65,12.09,93.326,22.0
3.16,1,0,1,follow_car,30.232,2.774,62.953,6.072,123.205,12.166,93.446,22.0
3.18,1,0,1,follow_car,30.67,2.819,63.509,6.136,123.76,12.243,93.565,22.0
3.2,1,0,1,follow_car,31.108,2.863,64.065,6.199,124.314,12.319,93.685,22.0
3.22,1,0,1,follow_car,31.546,2.907,64.621,6.263,124.869,12.396,93.805,22.0
3.24,1,0,1,follow_car,31.984,2.952,65.177,6.327,125.424,12.472,93.924,22.0
3.26,1,0,1,follow_car,32.421,2.996,65.733,6.39,125.979,12.549,94.044,22.0
3.28,1,0,1,follow_car,32.859,3.041,66.289,6.454,126.533,12.625,94.163,22.0
3.3,1,0,1,follow_car,33.297,3.086,66.845,6.518,127.088,12.702,94.283,22.0
3.32,1,0,1,follow_car,33.734,3.131,67.401,6.582,127.643,12.778,94.403,22.0
3.34,1,0,1,follow_car,34.172,3.176,67.957,6.647,128.198,12.855,94.522,22.0
3.36,1,0,1,follow_car,34.61,3.221,68.513,6.711,128.752,12.931,94.642,22.0
3.38,1,0,1,follow_car,35.047,3.266,69.069,6.775,129.307,13.008,94.762,22.0
3.4,1,0,1,follow_car,35.485,3.311,69.625,6.84,129.862,13.084,94.881,22.0
3.42,1,0,1,follow_car,35.923,3.356,70.181,6.904,130.417,13.161,95.001,22.0
3.44,1,0,1,follow_car,36.36,3.402,70.737,6.969,130.971,13.237,95.121,22.0
3.46,1,0,1,follow_car,36.798,3.447,71.293,7.033,131.526,13.314,95.241,22.0
3.48,1,0,1,follow_car,37.236,3.493,71.849,7.098,132.081,13.39,95.36,22.0
3.5,1,0,1,follow_car,37.673,3.539,72.405,7.163,132.636,13.467,95.48,22.0
3.52,1,0,1,follow_car,38.111,3.584,72.961,7.228,133.19,13.543,95.6,22.0
3.54,1,0,1,follow_car,38.549,3.63,73.517,7.293,133.745,13.62,95.719,22.0
3.56,1,0,1,follow_car,38.986,3.676,74.073,7.358,134.3,13.697,95.839,22.0
3.58,1,0,1,follow_car,39.424,3.722,74.629,7.423,134.855,13.773,95.959,22.0
3.6,1,0,1,follow_car,39.861,3.768,75.185,7.489,135.409,13.85,96.078,22.0
3.62,1,0,1,follow_car,40.299,3.814,75.741,7.554,135.964,13.926,96.198,22.0
3.64,1,0,1,follow_car,40.736,3.861,76.296,7.619,136.519,14.003,96.318,22.0
3.66,1,0,1,follow_car,41.174,3.907,76.852,7.685,137.074,14.079,96.438,22.0
3.68,1,0,1,follow_car,41.612,3.953,77.408,7.75,137.628,14.156,96.557,22.0
3.7,1,0,1,follow_car,42.049,4.0,77.964,7.816,138.183,14.232,96.677,22.0
3.72,1,0,1,follow_car,42.487,4.046,78.52,7.882,138.738,14.309,96.797,22.0
3.74,1,0,1,follow_car,42.924,4.093,79.076,7.948,139.293,14.385,96.917,22.0
3.76,1,0,1,follow_car,43.362,4.14,79.632,8.013,139.847,14.462,97.036,22.0
3.78,1,0,1,follow_car,43.799,4.187,80.188,8.079,140.402,14.538,97.156,22.0
3.8,1,0,1,follow_car,44.237,4.234,80.744,8.145,140.957,14.615,97.276,22.0
3.82,1,0,1,follow_car,44.674,4.28,81.299,8.212,141.512,14.691,97.395,22.0
3.84,1,0,1,follow_car,45.112,4.328,81.855,8.278,142.066,14.768,97.515,22.0
3.86,1,0,1,follow_car,45.549,4.375,82.411,8.344,142.621,14.844,97.635,22.0
3.88,1,0,1,follow_car,45.987,4.422,82.967,8.41,143.176,14.921,97.755,22.0
3.9,1,0,1,follow_car,46.424,4.469,83.523,8.477,143.731,14.997,97.874,22.0
3.92,1,0,1,follow_car,46.861,4.516,84.079,8.543,144.285,15.074,97.994,22.0
3.94,1,0,1,follow_car,47.299,4.564,84.635,8.61,144.84,15.15,98.114,22.0
3.96,1,0,1,follow_car,47.736,4.611,85.19,8.676,145.395,15.227,98.234,22.0
3.98,1,0,1,follow_car,48.174,4.659,85.746,8.743,145.95,15.303,98.354,22.0
4.0,1,0,1,follow_car,48.611,4.706,86.302,8.81,146.504,15.38,98.473,22.0
4.02,1,0,1,follow_car,49.049,4.754,86.858,8.877,147.059,15.456,98.593,22.0
4.04,1,0,1,follow_car,49.486,4.802,87.414,8.943,147.614,15.533,98.713,22.0
4.06,1,0,1,follow_car,49.923,4.85,87.969,9.01,148.169,15.609,98.833,22.0
4.08,1,0,1,follow_car,50.361,4.898,88.525,9.077,148.723,15.686,98.952,22.0
4.1,1,0,1,follow_car,50.798,4.946,89.081,9.144,149.278,15.762,99.072,22.0
4.12,1,0,1,follow_car,51.235,4.994,89.637,9.212,149.833,15.839,99.192,22.0
4.14,1,0,1,follow_car,51.673,5.042,90.193,9.279,150.388,15.916,99.312,22.0
4.16,1,0,1,follow_car,52.11,5.09,90.748,9.346,150.942,15.992,99.432,22.0
4.18,1,0,1,follow_car,52.548,5.138,91.304,9.413,151.497,16.069,99.551,22.0
4.2,1,0,1,follow_car,52.985,5.186,91.86,9.481,152.052,16.145,99.671,22.0
4.22,1,0,1,follow_car,53.422,5.235,92.416,9.548,152.607,16.222,99.791,22.0
4.24,1,0,1,follow_car,53.86,5.283,92.971,9.616,153.161,16.298,99.911,22.0
4.26,1,0,1,follow_car,54.297,5.332,93.527,9.683,153.716,16.375,100.031,22.0
4.28,1,0,1,follow_car,54.734,5.38,94.083,9.751,154.271,16.451,100.15,22.0
4.3,1,0,1,follow_car,55.171,5.429,94.638,9.819,154.826,16.528,100.27,22.0
4.32,1,0,1,follow_car,55.609,5.478,95.194,9.886,155.38,16.604,100.39,22.0
4.34,1,0,1,follow_car,56.046,5.526,95.75,9.954,155.935,16.681,100.51,22.0
4.36,1,0,1,follow_car,56.483,5.575,96.306,10.022,156.49,16.757,100.63,22.0
4.38,1,0,1,follow_car,56.921,5.624,96.861,10.09,157.045,16.834,100.749,22.0
4.4,1,0,1,follow_car,57.358,5.673,97.417,10.158,157.599,16.91,100.869,22.0
4.42,1,0,1,follow_car,57.795,5.722,97.973,10.226,158.154,16.987,100.989,22.0
4.44,1,0,1,follow_car,58.232,5.771,98.528,10.294,158.709,17.063,101.109,22.0
4.46,1,0,1,follow_car,58.67,5.82,99.084,10.362,159.264,17.14,101.229,22.0
4.48,1,0,1,follow_car,59.107,5.87,99.64,10.431,159.818,17.216,101.349,22.0
4.5,1,0,1,follow_car,59.544,5.919,100.195,10.499,160.373,17.293,101.468,22.0
4.52,1,0,1,follow_car,59.981,5.968,100.751,10.567,160.928,17.369,101.588,22.0
4.54,1,0,1,follow_car,60.419,6.018,101.307,10.636,161.483,17.446,101.708,22.0
4.56,1,0,1,follow_car,60.856,6.067,101.862,10.704,162.037,17.522,101.828,22.0
4.58,1,0,1,follow_car,61.293,6.117,102.418,10.773,162.592,17.599,101.948,22.0
4.6,1,0,1,follow_car,61.73,6.166,102.974,10.841,163.147,17.675,102.068,22.0
4.62,1,0,1,follow_car,62.167,6.216,103.529,10.91,163.701,17.752,102.187,22.0
4.64,1,0,1,follow_car,62.605,6.265,104.085,10.978,164.256,17.828,102.307,22.0
4.66,1,0,1,follow_car,63.042,6.315,104.641,11.047,164.811,17.905,102.427,22.0
4.68,1,0,1,follow_car,63.479,6.365,105.196,11.116,165.366,17.981,102.547,22.0
4.7,1,0,1,follow_car,63.916,6.415,105.752,11.185,165.92,18.058,102.667,22.0
4.72,1,0,1,follow_car,64.353,6.465,106.308,11.253,166.475,18.135,102.787,22.0
4.74,1,0,1,follow_car,64.79,6.515,106.863,11.322,167.03,18.211,102.906,22.0
4.76,1,0,1,follow_car,65.228,6.565,107.419,11.391,167.585,18.288,103.026,22.0
4.78,1,0,1,follow_car,65.665,6.615,107.974,11.46,168.139,18.364,103.146,22.0
4.8,1,0,1,follow_car,66.102,6.665,108.53,11.529,168.694,18.441,103.266,22.0
4.82,1,0,1,follow_car,66.539,6.715,109.086,11.599,169.249,18.517,103.386,22.0
4.84,1,0,1,follow_car,66.976,6.765,109.641,11.668,169.804,18.594,103.506,22.0
4.86,1,0,1,follow_car,67.413,6.815,110.197,11.737,170.358,18.67,103.626,22.0
4.88,1,0,1,follow_car,67.85,6.866,110.752,11.806,170.913,18.747,103.745,22.0
4.9,1,0,1,follow_car,68.287,6.916,111.308,11.875,171.468,18.823,103.865,22.0
4.92,1,0,1,follow_car,68.725,6.967,111.864,11.945,172.023,18.9,103.985,22.0
4.94,1,0,1,follow_car,69.162,7.017,112.419,12.014,172.577,18.976,104.105,22.0
4.96,1,0,1,follow_car,69.599,7.068,112.975,12.084,173.132,19.053,104.225,22.0
4.98,1,0,1,follow_car,70.036,7.118,113.53,12.153,173.687,19.129,104.345,22.0
5.0,1,0,1,follow_car,70.473,7.169,114.086,12.223,174.242,19.206,104.465,22.0
5.02,1,0,1,follow_car,70.91,7.22,114.641,12.292,174.796,19.282,104.585,22.0
5.04,1,0,1,follow_car,71.347,7.27,115.197,12.362,175.351,19.359,104.704,22.0
5.06,1,0,1,follow_car,71.784,7.321,115.752,12.432,175.906,19.435,104.824,22.0
5.08,1,0,1,follow_car,72.221,7.372,116.308,12.501,176.461,19.512,104.944,22.0
5.1,1,0,1,follow_car,72.658,7.423,116.863,12.571,177.015,19.588,105.064,22.0
5.12,1,0,1,follow_car,73.095,7.474,117.419,12.641,177.57,19.665,105.184,22.0
5.14,1,0,1,follow_car,73.532,7.525,117.975,12.711,178.125,19.741,105.304,22.0
5.16,1,0,1,follow_car,73.969,7.576,118.53,12.781,178.68,19.818,105.424,22.0
5.18,1,0,1,follow_car,74.406,7.627,119.086,12.851,179.234,19.894,105.544,22.0
5.2,1,0,1,follow_car,74.843,7.678,119.641,12.921,179.789,19.971,105.663,22.0
5.22,1,0,1,follow_car,75.28,7.729,120.197,12.991,180.0,20.0,105.436,22.0
5.24,1,0,1,follow_car,75.717,7.781,120.408,13.017,180.0,20.0,104.996,22.0
5.26,1,0,1,follow_car,76.154,7.832,120.408,13.017,180.0,20.0,104.556,22.0
5.28,1,0,1,follow_car,76.591,7.883,120.408,13.017,180.0,20.0,104.116,22.0
5.3,1,0,1,follow_car,77.028,7.934,120.408,13.017,180.0,20.0,103.676,22.0
5.32,1,0,1,follow_car,77.465,7.985,120.408,13.017,180.0,20.0,103.236,22.0
5.34,1,0,1,follow_car,77.902,8.037,120.408,13.017,180.0,20.0,102.796,22.0
5.36,1,0,1,follow_car,78.339,8.088,120.408,13.017,180.0,20.0,102.356,22.0
5.38,1,0,1,follow_car,78.776,8.139,120.408,13.017,180.0,20.0,101.916,22.0
5.4,1,0,1,follow_car,79.213,8.19,120.408,13.017,180.0,20.0,101.476,22.0
5.42,1,0,1,follow_car,79.65,8.241,120.408,13.017,180.0,20.0,101.036,22.0
5.44,1,0,1,follow_car,80.087,8.293,120.408,13.017,180.0,20.0,100.596,22.0
5.46,1,0,1,follow_car,80.524,8.344,120.408,13.017,180.0,20.0,100.156,22.0
5.48,1,0,1,follow_car,80.961,8.395,120.408,13.017,180.0,20.0,99.716,22.0
5.5,1,0,1,follow_car,81.398,8.446,120.408,13.017,180.0,20.0,99.276,22.0
5.52,1,0,1,follow_car,81.835,8.497,120.408,13.017,180.0,20.0,98.836,22.0
5.54,1,0,1,follow_car,82.272,8.549,120.408,13.017,180.0,20.0,98.396,22.0
5.56,1,0,1,follow_car,82.709,8.6,120.408,13.017,180.0,20.0,97.956,22.0
5.58,1,0,1,follow_car,83.146,8.651,120.408,13.017,180.0,20.0,97.516,22.0
5.6,1,0,1,follow_car,83.583,8.702,120.408,13.017,180.0,20.0,97.076,22.0
5.62,1,0,1,follow_car,84.021,8.753,120.408,13.017,180.0,20.0,96.636,22.0
5.64,1,0,1,follow_car,84.458,8.805,120.408,13.017,180.0,20.0,96.196,22.0
5.66,1,0,1,follow_car,84.895,8.856,120.408,13.017,180.0,20.0,95.756,22.0
5.68,1,0,1,follow_car,85.332,8.907,120.408,13.017,180.0,20.0,95.316,22.0
5.7,1,0,1,follow_car,85.769,8.958,120.408,13.017,180.0,20.0,94.876,22.0
5.72,1,0,1,follow_car,86.206,9.009,120.408,13.017,180.0,20.0,94.436,22.0
5.74,1,0,1,follow_car,86.643,9.061,120.408,13.017,180.0,20.0,93.996,22.0
5.76,1,0,1,follow_car,87.08,9.112,120.408,13.017,180.0,20.0,93.556,22.0
5.78,1,0,1,follow_car,87.517,9.163,120.408,13.017,180.0,20.0,93.116,22.0
5.8,1,0,1,follow_car,87.954,9.214,120.408,13.017,180.0,20.0,92.676,22.0
5.82,1,0,1,follow_car,88.391,9.266,120.408,13.017,180.0,20.0,92.236,22.0
5.84,1,0,1,follow_car,88.828,9.317,120.408,13.017,180.0,20.0,91.796,22.0
5.86,1,0,1,follow_car,89.265,9.368,120.408,13.017,180.0,20.0,91.356,22.0
5.88,1,0,1,follow_car,89.702,9.419,120.408,13.017,180.0,20.0,90.916,22.0
5.9,1,0,1,follow_car,90.139,9.47,120.408,13.017,180.0,20.0,90.476,22.0
5.92,1,0,1,follow_car,90.576,9.522,120.408,13.017,180.0,20.0,90.036,22.0
5.94,1,0,1,follow_car,91.013,9.573,120.408,13.017,180.0,20.0,89.596,22.0
5.96,1,0,1,follow_car,91.45,9.624,120.408,13.017,180.0,20.0,89.156,22.0
5.98,1,0,1,follow_car,91.887,9.675,120.408,13.017,180.0,20.0,88.716,22.0
6.0,1,0,1,follow_car,92.324,9.726,120.408,13.017,180.0,20.0,88.276,22.0
6.02,1,0,1,follow_car,92.761,9.778,120.408,13.017,180.0,20.0,87.836,22.0
6.04,1,0,1,follow_car,93.198,9.829,120.408,13.017,180.0,20.0,87.396,22.0
6.06,1,0,1,follow_car,93.635,9.88,120.408,13.017,180.0,20.0,86.956,22.0
6.08,1,0,1,follow_car,94.072,9.931,120.408,13.017,180.0,20.0,86.516,22.0
6.1,1,0,1,follow_car,94.509,9.982,120.408,13.017,180.0,20.0,86.076,22.0
6.12,1,0,1,follow_car,94.946,10.034,120.408,13.017,180.0,20.0,85.636,22.0
6.14,1,0,1,follow_car,95.383,10.085,120.408,13.017,180.0,20.0,85.196,22.0
6.16,1,0,1,follow_car,95.82,10.136,120.408,13.017,180.0,20.0,84.756,22.0
6.18,1,0,1,follow_car,96.257,10.187,120.408,13.017,180.0,20.0,84.316,22.0
6.2,1,0,1,follow_car,96.694,10.238,120.408,13.017,180.0,20.0,83.876,22.0
6.22,1,0,1,follow_car,97.131,10.29,120.408,13.017,180.0,20.0,83.436,22.0
6.24,1,0,1,follow_car,97.568,10.341,120.408,13.017,180.0,20.0,82.996,22.0
6.26,1,0,1,follow_car,98.005,10.392,120.408,13.017,180.0,20.0,82.556,22.0
6.28,1,0,1,follow_car,98.442,10.443,120.408,13.017,180.0,20.0,82.116,22.0
6.3,1,0,1,follow_car,98.879,10.495,120.408,13.017,180.0,20.0,81.676,22.0
6.32,1,0,1,follow_car,99.316,10.546,120.408,13.017,180.0,20.0,81.236,22.0
6.34,1,0,1,follow_car,99.753,10.597,120.408,13.017,180.0,20.0,80.796,22.0
6.36,1,0,1,follow_car,100.19,10.648,120.408,13.017,180.0,20.0,80.356,22.0
6.38,1,0,1,follow_car,100.627,10.699,120.408,13.017,180.0,20.0,79.916,22.0
6.4,1,0,1,follow_car,101.064,10.751,120.408,13.017,180.0,20.0,79.476,22.0
6.42,1,0,1,follow_car,101.501,10.802,120.408,13.017,180.0,20.0,79.036,22.0
6.44,1,0,1,follow_car,101.938,10.853,120.408,13.017,180.0,20.0,78.596,22.0
6.46,1,0,1,follow_car,102.375,10.904,120.408,13.017,180.0,20.0,78.156,22.0
6.48,1,0,1,follow_car,102.812,10.955,120.408,13.017,180.0,20.0,77.716,22.0
6.5,1,0,1,follow_car,103.249,11.007,120.408,13.017,180.0,20.0,77.276,22.0
6.52,1,0,1,follow_car,103.686,11.058,120.408,13.017,180.0,20.0,76.836,22.0
6.54,1,0,1,follow_car,104.123,11.109,120.408,13.017,180.0,20.0,76.396,22.0
6.56,1,0,1,follow_car,104.56,11.16,120.408,13.017,180.0,20.0,75.956,22.0
6.58,1,0,1,follow_car,104.997,11.211,120.408,13.017,180.0,20.0,75.516,22.0
6.6,1,0,1,follow_car,105.434,11.263,120.408,13.017,180.0,20.0,75.076,22.0
6.62,1,0,1,follow_car,105.871,11.314,120.408,13.017,180.0,20.0,74.636,22.0
6.64,1,0,1,follow_car,106.308,11.365,120.408,13.017,180.0,20.0,74.196,22.0
6.66,1,0,1,follow_car,106.745,11.416,120.408,13.017,180.0,20.0,73.756,22.0
6.68,1,0,1,follow_car,107.182,11.467,120.408,13.017,180.0,20.0,73.316,22.0
6.7,1,0,1,follow_car,107.619,11.519,120.408,13.017,180.0,20.0,72.876,22.0
6.72,1,0,1,follow_car,108.056,11.57,120.408,13.017,180.0,20.0,72.436,22.0
6.74,1,0,1,follow_car,108.493,11.621,120.408,13.017,180.0,20.0,71.996,22.0
6.76,1,0,1,follow_car,108.93,11.672,120.408,13.017,180.0,20.0,71.556,22.0
6.78,1,0,1,follow_car,109.367,11.723,120.408,13.017,180.0,20.0,71.116,22.0
6.8,1,0,1,follow_car,109.804,11.775,120.408,13.017,180.0,20.0,70.676,22.0
6.82,1,0,1,follow_car,110.241,11.826,120.408,13.017,180.0,20.0,70.236,22.0
6.84,1,0,1,follow_car,110.678,11.877,120.408,13.017,180.0,20.0,69.796,22.0
6.86,1,0,1,follow_car,111.115,11.928,120.408,13.017,180.0,20.0,69.356,22.0
6.88,1,0,1,follow_car,111.552,11.98,120.408,13.017,180.0,20.0,68.916,22.0
6.9,1,0,1,follow_car,111.989,12.031,120.408,13.017,180.0,20.0,68.476,22.0
6.92,1,0,1,follow_car,112.426,12.082,120.408,13.017,180.0,20.0,68.036,22.0
6.94,1,0,1,follow_car,112.863,12.133,120.408,13.017,180.0,20.0,67.596,22.0
6.96,1,0,1,follow_car,113.3,12.184,120.408,13.017,180.0,20.0,67.156,22.0
6.98,1,0,1,follow_car,113.737,12.236,120.408,13.017,180.0,20.0,66.716,22.0
7.0,1,0,1,follow_car,114.174,12.287,120.408,13.017,180.0,20.0,66.276,22.0
7.02,1,0,1,follow_car,114.611,12.338,120.408,13.017,180.0,20.0,65.836,22.0
7.04,1,0,1,follow_car,115.048,12.389,120.408,13.017,180.0,20.0,65.396,22.0
7.06,1,0,1,follow_car,115.485,12.44,120.408,13.017,180.0,20.0,64.956,22.0
7.08,1,0,1,follow_car,115.922,12.492,120.408,13.017,180.0,20.0,64.516,22.0
7.1,1,0,1,follow_car,116.359,12.543,120.408,13.017,180.0,20.0,64.076,22.0
7.12,1,0,1,follow_car,116.796,12.594,120.408,13.017,180.0,20.0,63.636,22.0
7.14,1,0,1,follow_car,117.233,12.645,120.408,13.017,180.0,20.0,63.196,22.0
7.16,1,0,1,follow_car,117.67,12.696,120.408,13.017,180.0,20.0,62.756,22.0
7.18,1,0,1,follow_car,118.107,12.748,120.408,13.017,180.0,20.0,62.316,22.0
7.2,1,0,1,follow_car,118.544,12.799,120.408,13.017,180.0,20.0,61.876,22.0
7.22,1,0,1,follow_car,118.981,12.85,120.408,13.017,180.0,20.0,61.436,22.0
7.24,1,0,1,follow_car,119.418,12.901,120.408,13.017,180.0,20.0,60.996,22.0
7.26,1,0,1,follow_car,119.855,12.952,120.408,13.017,180.0,20.0,60.556,22.0
7.28,1,0,1,follow_car,120.292,13.004,120.408,13.017,180.0,20.0,60.116,22.0
7.3,1,0,1,follow_car,120.408,13.017,120.408,13.017,180.0,20.0,60.0,5.808
7.32,1,0,0,hold,120.408,13.017,120.408,13.017,180.0,20.0,60.0,0.0
7.34,1,0,0,hold,120.408,13.017,120.408,13.017,180.0,20.0,60.0,0.0
7.36,1,0,0,hold,120.408,13.017,120.408,13.017,180.0,20.0,60.0,0.0
7.38,1,0,0,hold,120.408,13.017,120.408,13.017,180.0,20.0,60.0,0.0
7.4,1,0,0,hold,120.408,13.017,120.408,13.017,180.0,20.0,60.0,0.0
7.42,1,0,0,hold,120.408,13.017,120.408,13.017,180.0,20.0,60.0,0.0
7.44,1,0,0,hold,120.408,13.017,120.408,13.017,180.0,20.0,60.0,0.0
7.46,1,0,0,hold,120.408,13.017,120.408,13.017,180.0,20.0,60.0,0.0
7.48,1,0,0,hold,120.408,13.017,120.408,13.017,180.0,20.0,60.0,0.0
7.5,1,0,0,hold,120.408,13.017,120.408,13.017,180.0,20.0,60.0,0.0
7.52,1,0,0,hold,120.408,13.017,120.408,13.017,180.0,20.0,60.0,0.0
7.54,1,0,0,hold,120.408,13.017,120.408,13.017,180.0,20.0,60.0,0.0
7.56,1,0,0,hold,120.408,13.017,120.408,13.017,180.0,20.0,60.0,0.0
7.58,1,0,0,hold,120.408,13.017,120.408,13.017,180.0,20.0,60.0,0.0
7.6,1,0,0,hold,120.408,13.017,120.408,13.017,180.0,20.0,60.0,0.0
7.62,1,0,0,hold,120.408,13.017,120.408,13.017,180.0,20.0,60.0,0.0
7.64,1,0,0,hold,120.408,13.017,120.408,13.017,180.0,20.0,60.0,0.0
7.66,1,0,0,hold,120.408,13.017,120.408,13.017,180.0,20.0,60.0,0.0
7.68,1,0,0,hold,120.408,13.017,120.408,13.017,180.0,20.0,60.0,0.0
7.7,1,0,0,hold,120.408,13.017,120.408,13.017,180.0,20.0,60.0,0.0
7.72,1,0,0,hold,120.408,13.017,120.408,13.017,180.0,20.0,60.0,0.0
7.74,1,0,0,hold,120.408,13.017,120.408,13.017,180.0,20.0,60.0,0.0
7.76,1,0,0,hold,120.408,13.017,120.408,13.017,180.0,20.0,60.0,0.0
7.78,1,0,0,hold,120.408,13.017,120.408,13.017,180.0,20.0,60.0,0.0
7.8,1,0,0,hold,120.408,13.017,120.408,13.017,180.0,20.0,60.0,0.0
7.82,1,0,0,hold,120.408,13.017,120.408,13.017,180.0,20.0,60.0,0.0
7.84,1,0,0,hold,120.408,13.017,120.408,13.017,180.0,20.0,60.0,0.0
7.86,1,0,0,hold,120.408,13.017,120.408,13.017,180.0,20.0,60.0,0.0
7.88,1,0,0,hold,120.408,13.017,120.408,13.017,180.0,20.0,60.0,0.0
7.9,1,0,0,hold,120.408,13.017,120.408,13.017,180.0,20.0,60.0,0.0
7.92,1,0,0,hold,120.408,13.017,120.408,13.017,180.0,20.0,60.0,0.0
7.94,1,0,0,hold,120.408,13.017,120.408,13.017,180.0,20.0,60.0,0.0
7.96,1,0,0,hold,120.408,13.017,120.408,13.017,180.0,20.0,60.0,0.0
7.98,1,0,0,hold,120.408,13.017,120.408,13.017,180.0,20.0,60.0,0.0
8.0,0,0,0,hold,120.408,13.017,120.408,13.017,180.0,20.0,60.0,0.0
8.02,0,0,0,hold,120.408,13.017,120.408,13.017,180.0,20.0,60.0,0.0
8.04,0,1,0,search_center,120.319,13.611,100.0,150.0,179.523,19.944,59.542,30.0
8.06,0,1,0,search_center,120.231,14.204,100.0,150.0,179.046,19.893,59.09,30.0
8.08,0,1,0,search_center,120.142,14.798,100.0,150.0,178.568,19.847,58.644,30.0
8.1,0,1,0,search_center,120.054,15.391,100.0,150.0,178.09,19.806,58.204,30.0
8.12,0,1,0,search_center,119.966,15.984,100.0,150.0,177.611,19.769,57.77,30.0
8.14,0,1,0,search_center,119.877,16.578,100.0,150.0,177.132,19.738,57.342,30.0
8.16,0,1,0,search_center,119.789,17.171,100.0,150.0,176.653,19.711,56.921,30.0
8.18,0,1,0,search_center,119.7,17.765,100.0,150.0,176.174,19.69,56.506,30.0
8.2,0,1,0,search_center,119.612,18.358,100.0,150.0,175.694,19.673,56.097,30.0
8.22,0,1,0,search_center,119.524,18.952,100.0,150.0,175.214,19.662,55.695,30.0
8.24,0,1,0,search_center,119.435,19.545,100.0,150.0,174.734,19.656,55.299,30.0
8.26,0,1,0,search_center,119.347,20.139,100.0,150.0,174.254,19.655,54.909,30.0
8.28,0,1,0,search_center,119.258,20.732,100.0,150.0,173.774,19.659,54.526,30.0
8.3,0,1,0,search_center,119.17,21.325,100.0,150.0,173.294,19.669,54.15,30.0
8.32,0,1,0,search_center,119.082,21.919,100.0,150.0,172.814,19.683,53.779,30.0
8.34,0,1,0,search_center,118.993,22.512,100.0,150.0,172.335,19.703,53.416,30.0
8.36,0,1,0,search_center,118.905,23.106,100.0,150.0,171.855,19.729,53.058,30.0
8.38,0,1,0,search_center,118.816,23.699,100.0,150.0,171.376,19.759,52.708,30.0
8.4,0,1,0,search_center,118.728,24.293,100.0,150.0,170.898,19.795,52.363,30.0
8.42,0,1,0,search_center,118.639,24.886,100.0,150.0,170.42,19.836,52.026,30.0
8.44,0,1,0,search_center,118.551,25.48,100.0,150.0,169.942,19.883,51.695,30.0
8.46,0,1,0,search_center,118.463,26.073,100.0,150.0,169.465,19.935,51.37,30.0
8.48,0,1,0,search_center,118.374,26.667,100.0,150.0,168.988,19.992,51.052,30.0
8.5,0,1,0,search_center,118.286,27.26,100.0,150.0,168.512,20.055,50.741,30.0
8.52,0,1,0,search_center,118.197,27.853,100.0,150.0,168.037,20.123,50.436,30.0
8.54,0,1,0,search_center,118.109,28.447,100.0,150.0,167.563,20.197,50.137,30.0
8.56,0,1,0,search_center,118.021,29.04,100.0,150.0,167.089,20.276,49.845,30.0
8.58,0,1,0,search_center,117.932,29.634,100.0,150.0,166.617,20.36,49.56,30.0
8.6,0,1,0,search_center,117.844,30.227,100.0,150.0,166.145,20.45,49.281,30.0
8.62,0,1,0,search_center,117.755,30.821,100.0,150.0,165.675,20.545,49.009,30.0
8.64,0,1,0,search_center,117.667,31.414,100.0,150.0,165.205,20.646,48.743,30.0
8.66,0,1,0,search_center,117.579,32.008,100.0,150.0,164.737,20.752,48.483,30.0
8.68,0,1,0,search_center,117.49,32.601,100.0,150.0,164.27,20.863,48.23,30.0
8.7,0,1,0,search_center,117.402,33.194,100.0,150.0,163.805,20.98,47.984,30.0
8.72,0,1,0,search_center,117.313,33.788,100.0,150.0,163.341,21.102,47.744,30.0
8.74,0,1,0,search_center,117.225,34.381,100.0,150.0,162.878,21.23,47.51,30.0
8.76,0,1,0,search_center,117.136,34.975,100.0,150.0,162.417,21.363,47.282,30.0
8.78,0,1,0,search_center,117.048,35.568,100.0,150.0,161.957,21.501,47.061,30.0
8.8,0,1,0,search_center,116.96,36.162,100.0,150.0,161.499,21.644,46.846,30.0
8.82,0,1,0,search_center,116.871,36.755,100.0,150.0,161.043,21.793,46.637,30.0
8.84,0,1,0,search_center,116.783,37.349,100.0,150.0,160.588,21.947,46.434,30.0
8.86,0,1,0,search_center,116.694,37.942,100.0,150.0,160.135,22.106,46.237,30.0
8.88,0,1,0,search_center,116.606,38.536,100.0,150.0,159.684,22.271,46.046,30.0
8.9,0,1,0,search_center,116.518,39.129,100.0,150.0,159.235,22.44,45.862,30.0
8.92,0,1,0,search_center,116.429,39.722,100.0,150.0,158.788,22.615,45.683,30.0
8.94,0,1,0,search_center,116.341,40.316,100.0,150.0,158.343,22.795,45.51,30.0
8.96,0,1,0,search_center,116.252,40.909,100.0,150.0,157.9,22.979,45.343,30.0
8.98,0,1,0,search_center,116.164,41.503,100.0,150.0,157.459,23.169,45.182,30.0
9.0,0,1,0,search_center,116.076,42.096,100.0,150.0,157.02,23.364,45.026,30.0
9.02,0,1,0,search_center,115.987,42.69,100.0,150.0,156.584,23.564,44.876,30.0
9.04,0,1,0,search_center,115.899,43.283,100.0,150.0,156.15,23.768,44.732,30.0
9.06,0,1,0,search_center,115.81,43.877,100.0,150.0,155.718,23.978,44.593,30.0
9.08,0,1,0,search_center,115.722,44.47,100.0,150.0,155.288,24.192,44.46,30.0
9.1,0,1,0,search_center,115.633,45.063,100.0,150.0,154.861,24.411,44.332,30.0
9.12,0,1,0,search_center,115.545,45.657,100.0,150.0,154.436,24.634,44.209,30.0
9.14,0,1,0,search_center,115.457,46.25,100.0,150.0,154.014,24.863,44.092,30.0
9.16,0,1,0,search_center,115.368,46.844,100.0,150.0,153.594,25.096,43.98,30.0
9.18,0,1,0,search_center,115.28,47.437,100.0,150.0,153.177,25.333,43.873,30.0
9.2,0,1,0,search_center,115.191,48.031,100.0,150.0,152.762,25.575,43.77,30.0
9.22,0,1,0,search_center,115.103,48.624,100.0,150.0,152.35,25.821,43.673,30.0
9.24,0,1,0,search_center,115.015,49.218,100.0,150.0,151.941,26.072,43.581,30.0
9.26,0,1,0,search_center,114.926,49.811,100.0,150.0,151.534,26.327,43.493,30.0
9.28,0,1,0,search_center,114.838,50.405,100.0,150.0,151.13,26.586,43.411,30.0
9.3,0,1,0,search_center,114.749,50.998,100.0,150.0,150.729,26.849,43.333,30.0
9.32,0,1,0,search_center,114.661,51.591,100.0,150.0,150.33,27.117,43.259,30.0
9.34,0,1,0,search_center,114.573,52.185,100.0,150.0,149.935,27.388,43.19,30.0
9.36,0,1,0,search_center,114.484,52.778,100.0,150.0,149.542,27.664,43.125,30.0
9.38,0,1,0,search_center,114.396,53.372,100.0,150.0,149.151,27.943,43.065,30.0
9.4,0,1,0,search_center,114.307,53.965,100.0,150.0,148.764,28.227,43.009,30.0
9.42,0,1,0,search_center,114.219,54.559,100.0,150.0,148.38,28.514,42.957,30.0
9.44,0,1,0,search_center,114.13,55.152,100.0,150.0,147.998,28.805,42.909,30.0
9.46,0,1,0,search_center,114.042,55.746,100.0,150.0,147.619,29.1,42.865,30.0
9.48,0,1,0,search_center,113.954,56.339,100.0,150.0,147.243,29.398,42.825,30.0
9.5,0,1,0,search_center,113.865,56.933,100.0,150.0,146.87,29.7,42.789,30.0
9.52,0,1,0,search_center,113.777,57.526,100.0,150.0,146.5,30.006,42.757,30.0
9.54,0,1,0,search_center,113.688,58.119,100.0,150.0,146.132,30.315,42.728,30.0
9.56,0,1,0,search_center,113.6,58.713,100.0,150.0,145.768,30.627,42.704,30.0
9.58,0,1,0,search_center,113.512,59.306,100.0,150.0,145.406,30.943,42.682,30.0
9.6,0,1,0,search_center,113.423,59.9,100.0,150.0,145.048,31.262,42.664,30.0
9.62,0,1,0,search_center,113.335,60.493,100.0,150.0,144.692,31.584,42.65,30.0
9.64,0,1,0,search_center,113.246,61.087,100.0,150.0,144.339,31.909,42.639,30.0
9.66,0,1,0,search_center,113.158,61.68,100.0,150.0,143.989,32.238,42.631,30.0
9.68,0,1,0,search_center,113.069,62.274,100.0,150.0,143.642,32.569,42.626,30.0
9.7,0,1,0,search_center,112.981,62.867,100.0,150.0,143.297,32.904,42.625,30.0
9.72,0,1,0,search_center,112.893,63.46,100.0,150.0,142.956,33.241,42.627,30.0
9.74,0,1,0,search_center,112.804,64.054,100.0,150.0,142.618,33.581,42.631,30.0
9.76,0,1,0,search_center,112.716,64.647,100.0,150.0,142.282,33.924,42.639,30.0
9.78,0,1,0,search_center,112.627,65.241,100.0,150.0,141.949,34.27,42.649,30.0
9.8,0,1,0,search_center,112.539,65.834,100.0,150.0,141.619,34.619,42.662,30.0
9.82,0,1,0,search_center,112.451,66.428,100.0,150.0,141.292,34.97,42.678,30.0
9.84,0,1,0,search_center,112.362,67.021,100.0,150.0,140.967,35.324,42.696,30.0
9.86,0,1,0,search_center,112.274,67.615,100.0,150.0,140.646,35.68,42.717,30.0
9.88,0,1,0,search_center,112.185,68.208,100.0,150.0,140.327,36.039,42.741,30.0
9.9,0,1,0,search_center,112.097,68.802,100.0,150.0,140.011,36.4,42.767,30.0
9.92,0,1,0,search_center,112.009,69.395,100.0,150.0,139.698,36.764,42.796,30.0
9.94,0,1,0,search_center,111.92,69.988,100.0,150.0,139.387,37.13,42.827,30.0
9.96,0,1,0,search_center,111.832,70.582,100.0,150.0,139.079,37.498,42.86,30.0
9.98,0,1,0,search_center,111.743,71.175,100.0,150.0,138.774,37.869,42.895,30.0
10.0,1,1,0,search_center,111.655,71.769,100.0,150.0,138.472,38.241,42.933,30.0
10.02,1,0,0,hold,111.655,71.769,111.655,71.769,138.984,38.016,43.43,0.0
10.04,1,0,0,hold,111.655,71.769,111.655,71.769,139.497,37.791,43.928,0.0
10.06,1,0,0,hold,111.655,71.769,111.655,71.769,140.01,37.566,44.428,0.0
10.08,1,0,0,hold,111.655,71.769,111.655,71.769,140.523,37.341,44.929,0.0
10.1,1,0,0,hold,111.655,71.769,111.655,71.769,141.035,37.115,45.432,0.0
10.12,1,0,0,hold,111.655,71.769,111.655,71.769,141.548,36.89,45.936,0.0
10.14,1,0,0,hold,111.655,71.769,111.655,71.769,142.061,36.665,46.441,0.0
10.16,1,0,0,hold,111.655,71.769,111.655,71.769,142.573,36.44,46.948,0.0
10.18,1,0,0,hold,111.655,71.769,111.655,71.769,143.086,36.214,47.456,0.0
10.2,1,0,0,hold,111.655,71.769,111.655,71.769,143.599,35.989,47.964,0.0
10.22,1,0,0,hold,111.655,71.769,111.655,71.769,144.112,35.764,48.474,0.0
10.24,1,0,0,hold,111.655,71.769,111.655,71.769,144.624,35.539,48.986,0.0
10.26,1,0,0,hold,111.655,71.769,111.655,71.769,145.137,35.314,49.498,0.0
10.28,1,0,0,hold,111.655,71.769,111.655,71.769,145.65,35.088,50.011,0.0
10.3,1,0,0,hold,111.655,71.769,111.655,71.769,146.162,34.863,50.525,0.0
10.32,1,0,0,hold,111.655,71.769,111.655,71.769,146.675,34.638,51.04,0.0
10.34,1,0,0,hold,111.655,71.769,111.655,71.769,147.188,34.413,51.556,0.0
10.36,1,0,0,hold,111.655,71.769,111.655,71.769,147.701,34.188,52.073,0.0
10.38,1,0,0,hold,111.655,71.769,111.655,71.769,148.213,33.962,52.591,0.0
10.4,1,0,0,hold,111.655,71.769,111.655,71.769,148.726,33.737,53.11,0.0
10.42,1,0,0,hold,111.655,71.769,111.655,71.769,149.239,33.512,53.63,0.0
10.44,1,0,0,hold,111.655,71.769,111.655,71.769,149.751,33.287,54.15,0.0
10.46,1,0,0,hold,111.655,71.769,111.655,71.769,150.264,33.062,54.671,0.0
10.48,1,0,0,hold,111.655,71.769,111.655,71.769,150.777,32.836,55.193,0.0
10.5,1,0,0,hold,111.655,71.769,111.655,71.769,151.29,32.611,55.716,0.0
10.52,1,0,0,hold,111.655,71.769,111.655,71.769,151.802,32.386,56.239,0.0
10.54,1,0,0,hold,111.655,71.769,111.655,71.769,152.315,32.161,56.763,0.0
10.56,1,0,0,hold,111.655,71.769,111.655,71.769,152.828,31.935,57.288,0.0
10.58,1,0,0,hold,111.655,71.769,111.655,71.769,153.34,31.71,57.813,0.0
10.6,1,0,0,hold,111.655,71.769,111.655,71.769,153.853,31.485,58.339,0.0
10.62,1,0,0,hold,111.655,71.769,111.655,71.769,154.366,31.26,58.866,0.0
10.64,1,0,0,hold,111.655,71.769,111.655,71.769,154.879,31.035,59.393,0.0
10.66,1,0,0,hold,111.655,71.769,111.655,71.769,155.391,30.809,59.921,0.0
10.68,1,0,0,hold,111.655,71.769,111.655,71.769,155.904,30.584,60.45,0.0
10.7,1,0,0,hold,111.655,71.769,111.655,71.769,156.417,30.359,60.979,0.0
10.72,1,0,0,hold,111.655,71.769,111.655,71.769,156.929,30.134,61.508,0.0
10.74,1,0,0,hold,111.655,71.769,111.655,71.769,157.442,29.909,62.038,0.0
10.76,1,0,0,hold,111.655,71.769,111.655,71.769,157.955,29.683,62.569,0.0
10.78,1,0,0,hold,111.655,71.769,111.655,71.769,158.468,29.458,63.1,0.0
10.8,1,0,0,hold,111.655,71.769,111.655,71.769,158.98,29.233,63.632,0.0
10.82,1,0,0,hold,111.655,71.769,111.655,71.769,159.493,29.008,64.164,0.0
10.84,1,0,0,hold,111.655,71.769,111.655,71.769,160.006,28.782,64.696,0.0
10.86,1,0,0,hold,111.655,71.769,111.655,71.769,160.519,28.557,65.229,0.0
10.88,1,0,0,hold,111.655,71.769,111.655,71.769,161.031,28.332,65.763,0.0
10.9,1,0,0,hold,111.655,71.769,111.655,71.769,161.544,28.107,66.297,0.0
10.92,1,0,0,hold,111.655,71.769,111.655,71.769,162.057,27.882,66.831,0.0
10.94,1,0,0,hold,111.655,71.769,111.655,71.769,162.569,27.656,67.366,0.0
10.96,1,0,0,hold,111.655,71.769,111.655,71.769,163.082,27.431,67.901,0.0
10.98,1,0,0,hold,111.655,71.769,111.655,71.769,163.595,27.206,68.437,0.0
11.0,1,0,0,hold,111.655,71.769,111.655,71.769,164.108,26.981,68.973,0.0
11.02,1,0,0,hold,111.655,71.769,111.655,71.769,164.62,26.756,69.509,0.0
11.04,1,0,0,hold,111.655,71.769,111.655,71.769,165.133,26.53,70.046,0.0
11.06,1,0,0,hold,111.655,71.769,111.655,71.769,165.646,26.305,70.583,0.0
11.08,1,0,0,hold,111.655,71.769,111.655,71.769,166.158,26.08,71.12,0.0
11.1,1,0,0,hold,111.655,71.769,111.655,71.769,166.671,25.855,71.658,0.0
11.12,1,0,0,hold,111.655,71.769,111.655,71.769,167.184,25.63,72.196,0.0
11.14,1,0,0,hold,111.655,71.769,111.655,71.769,167.697,25.404,72.735,0.0
11.16,1,0,0,hold,111.655,71.769,111.655,71.769,168.209,25.179,73.273,0.0
11.18,1,0,0,hold,111.655,71.769,111.655,71.769,168.722,24.954,73.813,0.0
11.2,1,0,0,hold,111.655,71.769,111.655,71.769,169.235,24.729,74.352,0.0
11.22,1,0,0,hold,111.655,71.769,111.655,71.769,169.747,24.503,74.892,0.0
11.24,1,0,0,hold,111.655,71.769,111.655,71.769,170.26,24.278,75.432,0.0
11.26,1,0,0,hold,111.655,71.769,111.655,71.769,170.773,24.053,75.972,0.0
11.28,1,0,0,hold,111.655,71.769,111.655,71.769,171.286,23.828,76.512,0.0
11.3,1,0,0,hold,111.655,71.769,111.655,71.769,171.798,23.603,77.053,0.0
11.32,1,0,0,hold,111.655,71.769,111.655,71.769,172.311,23.377,77.594,0.0
11.34,1,0,0,hold,111.655,71.769,111.655,71.769,172.824,23.152,78.136,0.0
11.36,1,0,0,hold,111.655,71.769,111.655,71.769,173.336,22.927,78.677,0.0
11.38,1,0,0,hold,111.655,71.769,111.655,71.769,173.849,22.702,79.219,0.0
11.4,1,0,0,hold,111.655,71.769,111.655,71.769,174.362,22.477,79.761,0.0
11.42,1,0,0,hold,111.655,71.769,111.655,71.769,174.875,22.251,80.304,0.0
11.44,1,0,0,hold,111.655,71.769,111.655,71.769,175.387,22.026,80.846,0.0
11.46,1,0,0,hold,111.655,71.769,111.655,71.769,175.9,21.801,81.389,0.0
11.48,1,0,0,hold,111.655,71.769,111.655,71.769,176.413,21.576,81.932,0.0
11.5,1,0,0,hold,111.655,71.769,111.655,71.769,176.925,21.35,82.476,0.0
11.52,1,0,0,hold,111.655,71.769,111.655,71.769,177.438,21.125,83.019,0.0
11.54,1,0,0,hold,111.655,71.769,111.655,71.769,177.951,20.9,83.563,0.0
11.56,1,0,0,hold,111.655,71.769,111.655,71.769,178.464,20.675,84.107,0.0
11.58,1,0,0,hold,111.655,71.769,111.655,71.769,178.976,20.45,84.651,0.0
11.6,1,0,0,hold,111.655,71.769,111.655,71.769,179.489,20.224,85.196,0.0
11.62,1,0,1,follow_car,112.005,71.503,118.025,66.929,180.0,20.0,85.298,22.0
11.64,1,0,1,follow_car,112.356,71.237,124.405,62.102,180.0,20.0,84.858,22.0
11.66,1,0,1,follow_car,112.707,70.971,130.785,57.276,180.0,20.0,84.418,22.0
11.68,1,0,1,follow_car,113.057,70.705,132.171,56.227,180.0,20.0,83.978,22.0
11.7,1,0,1,follow_car,113.408,70.44,132.171,56.227,180.0,20.0,83.538,22.0
11.72,1,0,1,follow_car,113.759,70.174,132.171,56.227,180.0,20.0,83.098,22.0
11.74,1,0,1,follow_car,114.11,69.908,132.171,56.227,180.0,20.0,82.658,22.0
11.76,1,0,1,follow_car,114.46,69.643,132.171,56.227,180.0,20.0,82.218,22.0
11.78,1,0,1,follow_car,114.811,69.377,132.171,56.227,180.0,20.0,81.778,22.0
11.8,1,0,1,follow_car,115.162,69.111,132.171,56.227,180.0,20.0,81.338,22.0
11.82,1,0,1,follow_car,115.513,68.846,132.171,56.227,180.0,20.0,80.898,22.0
11.84,1,0,1,follow_car,115.863,68.58,132.171,56.227,180.0,20.0,80.458,22.0
11.86,1,0,1,follow_car,116.214,68.314,132.171,56.227,180.0,20.0,80.018,22.0
11.88,1,0,1,follow_car,116.565,68.049,132.171,56.227,180.0,20.0,79.578,22.0
11.9,1,0,1,follow_car,116.916,67.783,132.171,56.227,180.0,20.0,79.138,22.0
11.92,1,0,1,follow_car,117.266,67.517,132.171,56.227,180.0,20.0,78.698,22.0
11.94,1,0,1,follow_car,117.617,67.252,132.171,56.227,180.0,20.0,78.258,22.0
11.96,1,0,1,follow_car,117.968,66.986,132.171,56.227,180.0,20.0,77.818,22.0
11.98,1,0,1,follow_car,118.318,66.72,132.171,56.227,180.0,20.0,77.378,22.0
12.0,1,0,1,follow_car,118.669,66.455,132.171,56.227,180.0,20.0,76.938,22.0
12.02,1,0,1,follow_car,119.02,66.189,132.171,56.227,180.0,20.0,76.498,22.0
12.04,1,0,1,follow_car,119.371,65.923,132.171,56.227,180.0,20.0,76.058,22.0
12.06,1,0,1,follow_car,119.721,65.658,132.171,56.227,180.0,20.0,75.618,22.0
12.08,1,0,1,follow_car,120.072,65.392,132.171,56.227,180.0,20.0,75.178,22.0
12.1,1,0,1,follow_car,120.423,65.126,132.171,56.227,180.0,20.0,74.738,22.0
12.12,1,0,1,follow_car,120.774,64.861,132.171,56.227,180.0,20.0,74.298,22.0
12.14,1,0,1,follow_car,121.124,64.595,132.171,56.227,180.0,20.0,73.858,22.0
12.16,1,0,1,follow_car,121.475,64.329,132.171,56.227,180.0,20.0,73.418,22.0
12.18,1,0,1,follow_car,121.826,64.064,132.171,56.227,180.0,20.0,72.978,22.0
12.2,1,0,1,follow_car,122.177,63.798,132.171,56.227,180.0,20.0,72.538,22.0
12.22,1,0,1,follow_car,122.527,63.532,132.171,56.227,180.0,20.0,72.098,22.0
12.24,1,0,1,follow_car,122.878,63.267,132.171,56.227,180.0,20.0,71.658,22.0
12.26,1,0,1,follow_car,123.229,63.001,132.171,56.227,180.0,20.0,71.218,22.0
12.28,1,0,1,follow_car,123.58,62.735,132.171,56.227,180.0,20.0,70.778,22.0
12.3,1,0,1,follow_car,123.93,62.47,132.171,56.227,180.0,20.0,70.338,22.0
12.32,1,0,1,follow_car,124.281,62.204,132.171,56.227,180.0,20.0,69.898,22.0
12.34,1,0,1,follow_car,124.632,61.938,132.171,56.227,180.0,20.0,69.458,22.0
12.36,1,0,1,follow_car,124.983,61.673,132.171,56.227,180.0,20.0,69.018,22.0
12.38,1,0,1,follow_car,125.333,61.407,132.171,56.227,180.0,20.0,68.578,22.0
12.4,1,0,1,follow_car,125.684,61.141,132.171,56.227,180.0,20.0,68.138,22.0
12.42,1,0,1,follow_car,126.035,60.876,132.171,56.227,180.0,20.0,67.698,22.0
12.44,1,0,1,follow_car,126.386,60.61,132.171,56.227,180.0,20.0,67.258,22.0
12.46,1,0,1,follow_car,126.736,60.344,132.171,56.227,180.0,20.0,66.818,22.0
12.48,1,0,1,follow_car,127.087,60.079,132.171,56.227,180.0,20.0,66.378,22.0
12.5,1,0,1,follow_car,127.438,59.813,132.171,56.227,180.0,20.0,65.938,22.0
12.52,1,0,1,follow_car,127.789,59.547,132.171,56.227,180.0,20.0,65.498,22.0
12.54,1,0,1,follow_car,128.139,59.282,132.171,56.227,180.0,20.0,65.058,22.0
12.56,1,0,1,follow_car,128.49,59.016,132.171,56.227,180.0,20.0,64.618,22.0
12.58,1,0,1,follow_car,128.841,58.75,132.171,56.227,180.0,20.0,64.178,22.0
12.6,1,0,1,follow_car,129.191,58.485,132.171,56.227,180.0,20.0,63.738,22.0
12.62,1,0,1,follow_car,129.542,58.219,132.171,56.227,180.0,20.0,63.298,22.0
12.64,1,0,1,follow_car,129.893,57.953,132.171,56.227,180.0,20.0,62.858,22.0
12.66,1,0,1,follow_car,130.244,57.688,132.171,56.227,180.0,20.0,62.418,22.0
12.68,1,0,1,follow_car,130.594,57.422,132.171,56.227,180.0,20.0,61.978,22.0
12.7,1,0,1,follow_car,130.945,57.156,132.171,56.227,180.0,20.0,61.538,22.0
12.72,1,0,1,follow_car,131.296,56.891,132.171,56.227,180.0,20.0,61.098,22.0
12.74,1,0,1,follow_car,131.647,56.625,132.171,56.227,180.0,20.0,60.658,22.0
12.76,1,0,1,follow_car,131.997,56.359,132.171,56.227,180.0,20.0,60.218,22.0
12.78,1,0,1,follow_car,132.171,56.227,132.171,56.227,180.0,20.0,60.0,10.915
12.8,1,0,1,follow_car,132.171,56.227,132.171,56.227,180.0,20.0,60.0,0.0
12.82,1,0,1,follow_car,132.171,56.227,132.171,56.227,180.0,20.0,60.0,0.0
12.84,1,0,0,hold,132.171,56.227,132.171,56.227,180.0,20.0,60.0,0.0
12.86,1,0,0,hold,132.171,56.227,132.171,56.227,180.0,20.0,60.0,0.0
12.88,1,0,0,hold,132.171,56.227,132.171,56.227,180.0,20.0,60.0,0.0
12.9,1,0,0,hold,132.171,56.227,132.171,56.227,180.0,20.0,60.0,0.0
12.92,1,0,0,hold,132.171,56.227,132.171,56.227,180.0,20.0,60.0,0.0
12.94,1,0,0,hold,132.171,56.227,132.171,56.227,180.0,20.0,60.0,0.0
12.96,1,0,0,hold,132.171,56.227,132.171,56.227,180.0,20.0,60.0,0.0
12.98,1,0,0,hold,132.171,56.227,132.171,56.227,180.0,20.0,60.0,0.0
13.0,1,0,0,hold,132.171,56.227,132.171,56.227,180.0,20.0,60.0,0.0
13.02,1,0,0,hold,132.171,56.227,132.171,56.227,180.0,20.0,60.0,0.0
13.04,1,0,0,hold,132.171,56.227,132.171,56.227,180.0,20.0,60.0,0.0
13.06,1,0,0,hold,132.171,56.227,132.171,56.227,180.0,20.0,60.0,0.0
13.08,1,0,0,hold,132.171,56.227,132.171,56.227,180.0,20.0,60.0,0.0
13.1,1,0,0,hold,132.171,56.227,132.171,56.227,180.0,20.0,60.0,0.0
13.12,1,0,0,hold,132.171,56.227,132.171,56.227,180.0,20.0,60.0,0.0
13.14,1,0,0,hold,132.171,56.227,132.171,56.227,180.0,20.0,60.0,0.0
13.16,1,0,0,hold,132.171,56.227,132.171,56.227,180.0,20.0,60.0,0.0
13.18,1,0,0,hold,132.171,56.227,132.171,56.227,180.0,20.0,60.0,0.0
13.2,1,0,0,hold,132.171,56.227,132.171,56.227,180.0,20.0,60.0,0.0
13.22,1,0,0,hold,132.171,56.227,132.171,56.227,180.0,20.0,60.0,0.0
13.24,1,0,0,hold,132.171,56.227,132.171,56.227,180.0,20.0,60.0,0.0
13.26,1,0,0,hold,132.171,56.227,132.171,56.227,180.0,20.0,60.0,0.0
13.28,1,0,0,hold,132.171,56.227,132.171,56.227,180.0,20.0,60.0,0.0
13.3,1,0,0,hold,132.171,56.227,132.171,56.227,180.0,20.0,60.0,0.0
13.32,1,0,0,hold,132.171,56.227,132.171,56.227,180.0,20.0,60.0,0.0
13.34,1,0,0,hold,132.171,56.227,132.171,56.227,180.0,20.0,60.0,0.0
13.36,1,0,0,hold,132.171,56.227,132.171,56.227,180.0,20.0,60.0,0.0
13.38,1,0,0,hold,132.171,56.227,132.171,56.227,180.0,20.0,60.0,0.0
13.4,1,0,0,hold,132.171,56.227,132.171,56.227,180.0,20.0,60.0,0.0
13.42,1,0,0,hold,132.171,56.227,132.171,56.227,180.0,20.0,60.0,0.0
13.44,1,0,0,hold,132.171,56.227,132.171,56.227,180.0,20.0,60.0,0.0
13.46,1,0,0,hold,132.171,56.227,132.171,56.227,180.0,20.0,60.0,0.0
13.48,1,0,0,hold,132.171,56.227,132.171,56.227,180.0,20.0,60.0,0.0
13.5,1,0,0,hold,132.171,56.227,132.171,56.227,180.0,20.0,60.0,0.0
13.52,1,0,0,hold,132.171,56.227,132.171,56.227,180.0,20.0,60.0,0.0
13.54,1,0,0,hold,132.171,56.227,132.171,56.227,180.0,20.0,60.0,0.0
13.56,1,0,0,hold,132.171,56.227,132.171,56.227,180.0,20.0,60.0,0.0
13.58,1,0,0,hold,132.171,56.227,132.171,56.227,180.0,20.0,60.0,0.0
13.6,1,0,0,hold,132.171,56.227,132.171,56.227,180.0,20.0,60.0,0.0
13.62,1,0,0,hold,132.171,56.227,132.171,56.227,180.0,20.0,60.0,0.0
13.64,1,0,0,hold,132.171,56.227,132.171,56.227,180.0,20.0,60.0,0.0
13.66,1,0,0,hold,132.171,56.227,132.171,56.227,180.0,20.0,60.0,0.0
13.68,1,0,0,hold,132.171,56.227,132.171,56.227,180.0,20.0,60.0,0.0
13.7,1,0,0,hold,132.171,56.227,132.171,56.227,180.0,20.0,60.0,0.0
13.72,1,0,0,hold,132.171,56.227,132.171,56.227,180.0,20.0,60.0,0.0
13.74,1,0,0,hold,132.171,56.227,132.171,56.227,180.0,20.0,60.0,0.0
13.76,1,0,0,hold,132.171,56.227,132.171,56.227,180.0,20.0,60.0,0.0
13.78,1,0,0,hold,132.171,56.227,132.171,56.227,180.0,20.0,60.0,0.0
13.8,1,0,0,hold,132.171,56.227,132.171,56.227,180.0,20.0,60.0,0.0
13.82,1,0,0,hold,132.171,56.227,132.171,56.227,180.0,20.0,60.0,0.0
13.84,1,0,0,hold,132.171,56.227,132.171,56.227,180.0,20.0,60.0,0.0
13.86,1,0,0,hold,132.171,56.227,132.171,56.227,180.0,20.0,60.0,0.0
13.88,1,0,0,hold,132.171,56.227,132.171,56.227,180.0,20.0,60.0,0.0
13.9,1,0,0,hold,132.171,56.227,132.171,56.227,180.0,20.0,60.0,0.0
13.92,1,0,0,hold,132.171,56.227,132.171,56.227,180.0,20.0,60.0,0.0
13.94,1,0,0,hold,132.171,56.227,132.171,56.227,180.0,20.0,60.0,0.0
13.96,1,0,0,hold,132.171,56.227,132.171,56.227,180.0,20.0,60.0,0.0
13.98,1,0,0,hold,132.171,56.227,132.171,56.227,180.0,20.0,60.0,0.0
14.0,1,0,0,hold,132.171,56.227,132.171,56.227,180.0,20.0,60.0,0.0
14.02,1,0,0,hold,132.171,56.227,132.171,56.227,180.0,20.0,60.0,0.0
14.04,1,0,0,hold,132.171,56.227,132.171,56.227,180.0,20.0,60.0,0.0
14.06,1,0,0,hold,132.171,56.227,132.171,56.227,180.0,20.0,60.0,0.0
14.08,1,0,0,hold,132.171,56.227,132.171,56.227,180.0,20.0,60.0,0.0
14.1,1,0,0,hold,132.171,56.227,132.171,56.227,180.0,20.0,60.0,0.0
14.12,1,0,0,hold,132.171,56.227,132.171,56.227,180.0,20.0,60.0,0.0
14.14,1,0,0,hold,132.171,56.227,132.171,56.227,180.0,20.0,60.0,0.0
14.16,1,0,0,hold,132.171,56.227,132.171,56.227,180.0,20.0,60.0,0.0
14.18,1,0,0,hold,132.171,56.227,132.171,56.227,180.0,20.0,60.0,0.0
14.2,1,0,0,hold,132.171,56.227,132.171,56.227,180.0,20.0,60.0,0.0
14.22,1,0,0,hold,132.171,56.227,132.171,56.227,180.0,20.0,60.0,0.0
14.24,1,0,0,hold,132.171,56.227,132.171,56.227,180.0,20.0,60.0,0.0
14.26,1,0,0,hold,132.171,56.227,132.171,56.227,180.0,20.0,60.0,0.0
14.28,1,0,0,hold,132.171,56.227,132.171,56.227,180.0,20.0,60.0,0.0
14.3,1,0,0,hold,132.171,56.227,132.171,56.227,180.0,20.0,60.0,0.0
14.32,1,0,0,hold,132.171,56.227,132.171,56.227,180.0,20.0,60.0,0.0
14.34,1,0,0,hold,132.171,56.227,132.171,56.227,180.0,20.0,60.0,0.0
14.36,1,0,0,hold,132.171,56.227,132.171,56.227,180.0,20.0,60.0,0.0
14.38,1,0,0,hold,132.171,56.227,132.171,56.227,180.0,20.0,60.0,0.0
14.4,1,0,0,hold,132.171,56.227,132.171,56.227,180.0,20.0,60.0,0.0
14.42,1,0,0,hold,132.171,56.227,132.171,56.227,180.0,20.0,60.0,0.0
14.44,1,0,0,hold,132.171,56.227,132.171,56.227,180.0,20.0,60.0,0.0
14.46,1,0,0,hold,132.171,56.227,132.171,56.227,180.0,20.0,60.0,0.0
14.48,1,0,0,hold,132.171,56.227,132.171,56.227,180.0,20.0,60.0,0.0
14.5,1,0,0,hold,132.171,56.227,132.171,56.227,180.0,20.0,60.0,0.0
14.52,1,0,0,hold,132.171,56.227,132.171,56.227,180.0,20.0,60.0,0.0
14.54,1,0,0,hold,132.171,56.227,132.171,56.227,180.0,20.0,60.0,0.0
14.56,1,0,0,hold,132.171,56.227,132.171,56.227,180.0,20.0,60.0,0.0
14.58,1,0,0,hold,132.171,56.227,132.171,56.227,180.0,20.0,60.0,0.0
14.6,1,0,0,hold,132.171,56.227,132.171,56.227,180.0,20.0,60.0,0.0
14.62,1,0,0,hold,132.171,56.227,132.171,56.227,180.0,20.0,60.0,0.0
14.64,1,0,0,hold,132.171,56.227,132.171,56.227,180.0,20.0,60.0,0.0
14.66,1,0,0,hold,132.171,56.227,132.171,56.227,180.0,20.0,60.0,0.0
14.68,1,0,0,hold,132.171,56.227,132.171,56.227,180.0,20.0,60.0,0.0
14.7,1,0,0,hold,132.171,56.227,132.171,56.227,180.0,20.0,60.0,0.0
14.72,1,0,0,hold,132.171,56.227,132.171,56.227,180.0,20.0,60.0,0.0
14.74,1,0,0,hold,132.171,56.227,132.171,56.227,180.0,20.0,60.0,0.0
14.76,1,0,0,hold,132.171,56.227,132.171,56.227,180.0,20.0,60.0,0.0
14.78,1,0,0,hold,132.171,56.227,132.171,56.227,180.0,20.0,60.0,0.0
14.8,1,0,0,hold,132.171,56.227,132.171,56.227,180.0,20.0,60.0,0.0
14.82,1,0,0,hold,132.171,56.227,132.171,56.227,180.0,20.0,60.0,0.0
14.84,1,0,0,hold,132.171,56.227,132.171,56.227,180.0,20.0,60.0,0.0
14.86,1,0,0,hold,132.171,56.227,132.171,56.227,180.0,20.0,60.0,0.0
14.88,1,0,0,hold,132.171,56.227,132.171,56.227,180.0,20.0,60.0,0.0
14.9,1,0,0,hold,132.171,56.227,132.171,56.227,180.0,20.0,60.0,0.0
14.92,1,0,0,hold,132.171,56.227,132.171,56.227,180.0,20.0,60.0,0.0
14.94,1,0,0,hold,132.171,56.227,132.171,56.227,180.0,20.0,60.0,0.0
14.96,1,0,0,hold,132.171,56.227,132.171,56.227,180.0,20.0,60.0,0.0
14.98,1,0,0,hold,132.171,56.227,132.171,56.227,180.0,20.0,60.0,0.0
15.0,1,0,0,hold,132.171,56.227,132.171,56.227,180.0,20.0,60.0,0.0
15.02,1,0,0,hold,132.171,56.227,132.171,56.227,180.0,20.0,60.0,0.0
15.04,1,0,0,hold,132.171,56.227,132.171,56.227,180.0,20.0,60.0,0.0
15.06,1,0,0,hold,132.171,56.227,132.171,56.227,180.0,20.0,60.0,0.0
15.08,1,0,0,hold,132.171,56.227,132.171,56.227,180.0,20.0,60.0,0.0
15.1,1,0,0,hold,132.171,56.227,132.171,56.227,180.0,20.0,60.0,0.0
15.12,1,0,0,hold,132.171,56.227,132.171,56.227,180.0,20.0,60.0,0.0
15.14,1,0,0,hold,132.171,56.227,132.171,56.227,180.0,20.0,60.0,0.0
15.16,1,0,0,hold,132.171,56.227,132.171,56.227,180.0,20.0,60.0,0.0
15.18,1,0,0,hold,132.171,56.227,132.171,56.227,180.0,20.0,60.0,0.0
15.2,1,0,0,hold,132.171,56.227,132.171,56.227,180.0,20.0,60.0,0.0
15.22,1,0,0,hold,132.171,56.227,132.171,56.227,180.0,20.0,60.0,0.0
15.24,1,0,0,hold,132.171,56.227,132.171,56.227,180.0,20.0,60.0,0.0
15.26,1,0,0,hold,132.171,56.227,132.171,56.227,180.0,20.0,60.0,0.0
15.28,1,0,0,hold,132.171,56.227,132.171,56.227,180.0,20.0,60.0,0.0
15.3,1,0,0,hold,132.171,56.227,132.171,56.227,180.0,20.0,60.0,0.0
15.32,1,0,0,hold,132.171,56.227,132.171,56.227,180.0,20.0,60.0,0.0
15.34,1,0,0,hold,132.171,56.227,132.171,56.227,180.0,20.0,60.0,0.0
15.36,1,0,0,hold,132.171,56.227,132.171,56.227,180.0,20.0,60.0,0.0
15.38,1,0,0,hold,132.171,56.227,132.171,56.227,180.0,20.0,60.0,0.0
15.4,1,0,0,hold,132.171,56.227,132.171,56.227,180.0,20.0,60.0,0.0
15.42,1,0,0,hold,132.171,56.227,132.171,56.227,180.0,20.0,60.0,0.0
15.44,1,0,0,hold,132.171,56.227,132.171,56.227,180.0,20.0,60.0,0.0
15.46,1,0,0,hold,132.171,56.227,132.171,56.227,180.0,20.0,60.0,0.0
15.48,1,0,0,hold,132.171,56.227,132.171,56.227,180.0,20.0,60.0,0.0
15.5,1,0,0,hold,132.171,56.227,132.171,56.227,180.0,20.0,60.0,0.0
15.52,1,0,0,hold,132.171,56.227,132.171,56.227,180.0,20.0,60.0,0.0
15.54,1,0,0,hold,132.171,56.227,132.171,56.227,180.0,20.0,60.0,0.0
15.56,1,0,0,hold,132.171,56.227,132.171,56.227,180.0,20.0,60.0,0.0
15.58,1,0,0,hold,132.171,56.227,132.171,56.227,180.0,20.0,60.0,0.0
15.6,1,0,0,hold,132.171,56.227,132.171,56.227,180.0,20.0,60.0,0.0
15.62,1,0,0,hold,132.171,56.227,132.171,56.227,180.0,20.0,60.0,0.0
15.64,1,0,0,hold,132.171,56.227,132.171,56.227,180.0,20.0,60.0,0.0
15.66,1,0,0,hold,132.171,56.227,132.171,56.227,180.0,20.0,60.0,0.0
15.68,1,0,0,hold,132.171,56.227,132.171,56.227,180.0,20.0,60.0,0.0
15.7,1,0,0,hold,132.171,56.227,132.171,56.227,180.0,20.0,60.0,0.0
15.72,1,0,0,hold,132.171,56.227,132.171,56.227,180.0,20.0,60.0,0.0
15.74,1,0,0,hold,132.171,56.227,132.171,56.227,180.0,20.0,60.0,0.0
15.76,1,0,0,hold,132.171,56.227,132.171,56.227,180.0,20.0,60.0,0.0
15.78,1,0,0,hold,132.171,56.227,132.171,56.227,180.0,20.0,60.0,0.0
15.8,1,0,0,hold,132.171,56.227,132.171,56.227,180.0,20.0,60.0,0.0
15.82,1,0,0,hold,132.171,56.227,132.171,56.227,180.0,20.0,60.0,0.0
15.84,1,0,0,hold,132.171,56.227,132.171,56.227,180.0,20.0,60.0,0.0
15.86,1,0,0,hold,132.171,56.227,132.171,56.227,180.0,20.0,60.0,0.0
15.88,1,0,0,hold,132.171,56.227,132.171,56.227,180.0,20.0,60.0,0.0
15.9,1,0,0,hold,132.171,56.227,132.171,56.227,180.0,20.0,60.0,0.0
15.92,1,0,0,hold,132.171,56.227,132.171,56.227,180.0,20.0,60.0,0.0
15.94,1,0,0,hold,132.171,56.227,132.171,56.227,180.0,20.0,60.0,0.0
15.96,1,0,0,hold,132.171,56.227,132.171,56.227,180.0,20.0,60.0,0.0
15.98,1,0,0,hold,132.171,56.227,132.171,56.227,180.0,20.0,60.0,0.0
16.0,1,0,0,hold,132.171,56.227,132.171,56.227,180.0,20.0,60.0,0.0
16.02,1,0,0,hold,132.171,56.227,132.171,56.227,180.0,20.0,60.0,0.0
16.04,1,0,0,hold,132.171,56.227,132.171,56.227,180.0,20.0,60.0,0.0
16.06,1,0,0,hold,132.171,56.227,132.171,56.227,180.0,20.0,60.0,0.0
16.08,1,0,0,hold,132.171,56.227,132.171,56.227,180.0,20.0,60.0,0.0
16.1,1,0,0,hold,132.171,56.227,132.171,56.227,180.0,20.0,60.0,0.0
16.12,1,0,0,hold,132.171,56.227,132.171,56.227,180.0,20.0,60.0,0.0
16.14,1,0,0,hold,132.171,56.227,132.171,56.227,180.0,20.0,60.0,0.0
16.16,1,0,0,hold,132.171,56.227,132.171,56.227,180.0,20.0,60.0,0.0
16.18,1,0,0,hold,132.171,56.227,132.171,56.227,180.0,20.0,60.0,0.0
16.2,1,0,0,hold,132.171,56.227,132.171,56.227,180.0,20.0,60.0,0.0
16.22,1,0,0,hold,132.171,56.227,132.171,56.227,180.0,20.0,60.0,0.0
16.24,1,0,0,hold,132.171,56.227,132.171,56.227,180.0,20.0,60.0,0.0
16.26,1,0,0,hold,132.171,56.227,132.171,56.227,180.0,20.0,60.0,0.0
16.28,1,0,0,hold,132.171,56.227,132.171,56.227,180.0,20.0,60.0,0.0
16.3,1,0,0,hold,132.171,56.227,132.171,56.227,180.0,20.0,60.0,0.0
16.32,1,0,0,hold,132.171,56.227,132.171,56.227,180.0,20.0,60.0,0.0
16.34,1,0,0,hold,132.171,56.227,132.171,56.227,180.0,20.0,60.0,0.0
16.36,1,0,0,hold,132.171,56.227,132.171,56.227,180.0,20.0,60.0,0.0
16.38,1,0,0,hold,132.171,56.227,132.171,56.227,180.0,20.0,60.0,0.0
16.4,1,0,0,hold,132.171,56.227,132.171,56.227,180.0,20.0,60.0,0.0
16.42,1,0,0,hold,132.171,56.227,132.171,56.227,180.0,20.0,60.0,0.0
16.44,1,0,0,hold,132.171,56.227,132.171,56.227,180.0,20.0,60.0,0.0
16.46,1,0,0,hold,132.171,56.227,132.171,56.227,180.0,20.0,60.0,0.0
16.48,1,0,0,hold,132.171,56.227,132.171,56.227,180.0,20.0,60.0,0.0
16.5,1,0,0,hold,132.171,56.227,132.171,56.227,180.0,20.0,60.0,0.0
16.52,1,0,0,hold,132.171,56.227,132.171,56.227,180.0,20.0,60.0,0.0
16.54,1,0,0,hold,132.171,56.227,132.171,56.227,180.0,20.0,60.0,0.0
16.56,1,0,0,hold,132.171,56.227,132.171,56.227,180.0,20.0,60.0,0.0
16.58,1,0,0,hold,132.171,56.227,132.171,56.227,180.0,20.0,60.0,0.0
16.6,1,0,0,hold,132.171,56.227,132.171,56.227,180.0,20.0,60.0,0.0
16.62,1,0,0,hold,132.171,56.227,132.171,56.227,180.0,20.0,60.0,0.0
16.64,1,0,0,hold,132.171,56.227,132.171,56.227,180.0,20.0,60.0,0.0
16.66,1,0,0,hold,132.171,56.227,132.171,56.227,180.0,20.0,60.0,0.0
16.68,1,0,0,hold,132.171,56.227,132.171,56.227,180.0,20.0,60.0,0.0
16.7,1,0,0,hold,132.171,56.227,132.171,56.227,180.0,20.0,60.0,0.0
16.72,1,0,0,hold,132.171,56.227,132.171,56.227,180.0,20.0,60.0,0.0
16.74,1,0,0,hold,132.171,56.227,132.171,56.227,180.0,20.0,60.0,0.0
16.76,1,0,0,hold,132.171,56.227,132.171,56.227,180.0,20.0,60.0,0.0
16.78,1,0,0,hold,132.171,56.227,132.171,56.227,180.0,20.0,60.0,0.0
16.8,1,0,0,hold,132.171,56.227,132.171,56.227,180.0,20.0,60.0,0.0
16.82,1,0,0,hold,132.171,56.227,132.171,56.227,180.0,20.0,60.0,0.0
16.84,1,0,0,hold,132.171,56.227,132.171,56.227,180.0,20.0,60.0,0.0
16.86,1,0,0,hold,132.171,56.227,132.171,56.227,180.0,20.0,60.0,0.0
16.88,1,0,0,hold,132.171,56.227,132.171,56.227,180.0,20.0,60.0,0.0
16.9,1,0,0,hold,132.171,56.227,132.171,56.227,180.0,20.0,60.0,0.0
16.92,1,0,0,hold,132.171,56.227,132.171,56.227,180.0,20.0,60.0,0.0
16.94,1,0,0,hold,132.171,56.227,132.171,56.227,180.0,20.0,60.0,0.0
16.96,1,0,0,hold,132.171,56.227,132.171,56.227,180.0,20.0,60.0,0.0
16.98,1,0,0,hold,132.171,56.227,132.171,56.227,180.0,20.0,60.0,0.0
17.0,1,0,0,hold,132.171,56.227,132.171,56.227,180.0,20.0,60.0,0.0
17.02,1,0,0,hold,132.171,56.227,132.171,56.227,180.0,20.0,60.0,0.0
17.04,1,0,0,hold,132.171,56.227,132.171,56.227,180.0,20.0,60.0,0.0
17.06,1,0,0,hold,132.171,56.227,132.171,56.227,180.0,20.0,60.0,0.0
17.08,1,0,0,hold,132.171,56.227,132.171,56.227,180.0,20.0,60.0,0.0
17.1,1,0,0,hold,132.171,56.227,132.171,56.227,180.0,20.0,60.0,0.0
17.12,1,0,0,hold,132.171,56.227,132.171,56.227,180.0,20.0,60.0,0.0
17.14,1,0,0,hold,132.171,56.227,132.171,56.227,180.0,20.0,60.0,0.0
17.16,1,0,0,hold,132.171,56.227,132.171,56.227,180.0,20.0,60.0,0.0
17.18,1,0,0,hold,132.171,56.227,132.171,56.227,180.0,20.0,60.0,0.0
17.2,1,0,0,hold,132.171,56.227,132.171,56.227,180.0,20.0,60.0,0.0
17.22,1,0,0,hold,132.171,56.227,132.171,56.227,180.0,20.0,60.0,0.0
17.24,1,0,0,hold,132.171,56.227,132.171,56.227,180.0,20.0,60.0,0.0
17.26,1,0,0,hold,132.171,56.227,132.171,56.227,180.0,20.0,60.0,0.0
17.28,1,0,0,hold,132.171,56.227,132.171,56.227,180.0,20.0,60.0,0.0
17.3,1,0,0,hold,132.171,56.227,132.171,56.227,180.0,20.0,60.0,0.0
17.32,1,0,0,hold,132.171,56.227,132.171,56.227,180.0,20.0,60.0,0.0
17.34,1,0,0,hold,132.171,56.227,132.171,56.227,180.0,20.0,60.0,0.0
17.36,1,0,0,hold,132.171,56.227,132.171,56.227,180.0,20.0,60.0,0.0
17.38,1,0,0,hold,132.171,56.227,132.171,56.227,180.0,20.0,60.0,0.0
17.4,1,0,0,hold,132.171,56.227,132.171,56.227,180.0,20.0,60.0,0.0
17.42,1,0,0,hold,132.171,56.227,132.171,56.227,180.0,20.0,60.0,0.0
17.44,1,0,0,hold,132.171,56.227,132.171,56.227,180.0,20.0,60.0,0.0
17.46,1,0,0,hold,132.171,56.227,132.171,56.227,180.0,20.0,60.0,0.0
17.48,1,0,0,hold,132.171,56.227,132.171,56.227,180.0,20.0,60.0,0.0
17.5,1,0,0,hold,132.171,56.227,132.171,56.227,180.0,20.0,60.0,0.0
17.52,1,0,0,hold,132.171,56.227,132.171,56.227,180.0,20.0,60.0,0.0
17.54,1,0,0,hold,132.171,56.227,132.171,56.227,180.0,20.0,60.0,0.0
17.56,1,0,0,hold,132.171,56.227,132.171,56.227,180.0,20.0,60.0,0.0
17.58,1,0,0,hold,132.171,56.227,132.171,56.227,180.0,20.0,60.0,0.0
17.6,1,0,0,hold,132.171,56.227,132.171,56.227,180.0,20.0,60.0,0.0
17.62,1,0,0,hold,132.171,56.227,132.171,56.227,180.0,20.0,60.0,0.0
17.64,1,0,0,hold,132.171,56.227,132.171,56.227,180.0,20.0,60.0,0.0
17.66,1,0,0,hold,132.171,56.227,132.171,56.227,180.0,20.0,60.0,0.0
17.68,1,0,0,hold,132.171,56.227,132.171,56.227,180.0,20.0,60.0,0.0
17.7,1,0,0,hold,132.171,56.227,132.171,56.227,180.0,20.0,60.0,0.0
17.72,1,0,0,hold,132.171,56.227,132.171,56.227,180.0,20.0,60.0,0.0
17.74,1,0,0,hold,132.171,56.227,132.171,56.227,180.0,20.0,60.0,0.0
17.76,1,0,0,hold,132.171,56.227,132.171,56.227,180.0,20.0,60.0,0.0
17.78,1,0,0,hold,132.171,56.227,132.171,56.227,180.0,20.0,60.0,0.0
17.8,1,0,0,hold,132.171,56.227,132.171,56.227,180.0,20.0,60.0,0.0
17.82,1,0,0,hold,132.171,56.227,132.171,56.227,180.0,20.0,60.0,0.0
17.84,1,0,0,hold,132.171,56.227,132.171,56.227,180.0,20.0,60.0,0.0
17.86,1,0,0,hold,132.171,56.227,132.171,56.227,180.0,20.0,60.0,0.0
17.88,1,0,0,hold,132.171,56.227,132.171,56.227,180.0,20.0,60.0,0.0
17.9,1,0,0,hold,132.171,56.227,132.171,56.227,180.0,20.0,60.0,0.0
17.92,1,0,0,hold,132.171,56.227,132.171,56.227,180.0,20.0,60.0,0.0
17.94,1,0,0,hold,132.171,56.227,132.171,56.227,180.0,20.0,60.0,0.0
17.96,1,0,0,hold,132.171,56.227,132.171,56.227,180.0,20.0,60.0,0.0
17.98,1,0,0,hold,132.171,56.227,132.171,56.227,180.0,20.0,60.0,0.0
