time_s,height_cm,truth_height_cm,logged_vz,truth_vz,replay_z,replay_vz
0.000000,7.270000,7.295209,0.000000,-1.414050,7.270002,0.001600
0.020008,7.270000,7.271404,0.000000,-0.583888,7.270015,0.001637
0.040012,7.270000,7.245320,0.000000,-1.107735,7.270029,0.002435
0.060008,7.270000,7.225499,0.000000,-0.879897,7.270007,-0.011044
0.080014,7.270000,7.206799,0.230000,-0.654351,7.269876,-0.017229
0.100016,7.070000,7.206965,-0.460000,-0.664922,7.195564,-1.054356
0.120015,7.270000,7.189783,0.320000,-0.465755,7.219080,-0.311060
0.140018,7.070000,7.185169,-0.330000,-0.560628,7.161729,-0.998742
0.160019,7.270000,7.174976,0.290000,-0.560637,7.196227,-0.177273
0.180019,7.070000,7.164549,-0.270000,-0.473458,7.145963,-0.825701
0.200021,7.270000,7.161442,0.250000,-0.095681,7.185826,-0.055258
0.220021,7.070000,7.164676,-0.240000,0.116928,7.138488,-0.689658
0.240024,7.270000,7.161031,0.220000,0.032045,7.181257,0.078872
0.260024,7.070000,7.168533,-0.210000,0.183549,7.135607,-0.611609
0.280025,7.280000,7.161665,0.200000,0.136789,7.183431,0.175043
0.300030,7.070000,7.168845,-0.190000,0.274940,7.136949,-0.531474
2.320157,10.700000,10.546431,5.050000,4.137596,8.208393,6.500477
0.340030,7.070000,7.175194,-0.170000,0.200564,7.601512,-2.156302
0.360031,7.270000,7.176077,0.160000,-0.026928,7.429577,-3.711799
0.380035,7.080000,7.175727,-0.150000,0.170189,7.254134,-4.838803
0.400037,7.280000,7.177299,0.160000,-0.063819,7.227314,-3.768749
0.420035,7.280000,7.171885,0.070000,0.046453,7.207397,-3.002419
0.440033,7.280000,7.174337,0.000000,-0.145270,7.194072,-2.421942
0.460036,7.080000,7.177403,-0.070000,0.114981,7.111061,-2.913176
0.480042,7.080000,7.180459,-0.030000,-0.073807,7.060707,-2.806345
0.500043,7.270000,7.182601,0.170000,0.139276,7.100114,-1.599865
0.520045,7.070000,7.184388,-0.110000,-0.075395,7.051485,-1.925232
0.540047,7.270000,7.186327,0.120000,0.117014,7.097228,-0.926026
0.560041,7.070000,7.188265,-0.110000,-0.165524,7.054022,-1.397188
0.580045,7.270000,7.188406,0.120000,0.029770,7.103396,-0.520744
0.600047,7.080000,7.181875,-0.100000,-0.096130,7.066428,-1.021874
0.620048,7.280000,7.186331,0.110000,0.232066,7.119667,-0.179008
0.640047,7.080000,7.181007,-0.100000,0.009106,7.081615,-0.767106
0.660051,7.280000,7.182579,0.100000,0.303489,7.134122,0.025850
0.700052,7.280000,7.197177,0.090000,0.190826,7.175524,0.398939
0.720051,7.080000,7.191270,-0.090000,-0.270811,7.118633,-0.503210
0.740056,7.270000,7.185503,0.090000,-0.277333,7.165730,0.172136
0.760058,7.070000,7.167302,-0.090000,-0.393807,7.116459,-0.550707
0.780057,7.270000,7.172380,0.080000,-0.467983,7.165949,0.190026
0.800059,7.070000,7.154416,-0.080000,-0.502065,7.120662,-0.477246
0.820061,7.280000,7.158872,0.080000,-0.497528,7.173550,0.307439
0.840061,7.080000,7.137198,-0.080000,-0.541844,7.131921,-0.356674
0.860065,7.280000,7.139975,0.080000,-0.471362,7.181896,0.342144
0.880065,6.980000,7.119765,-0.130000,-0.431288,7.102021,-0.823655
0.900063,7.280000,7.125913,0.100000,-0.274682,7.164010,0.205493
0.920068,6.980000,7.107996,-0.110000,-0.115956,7.091360,-0.741089
0.940053,7.180000,7.115445,0.630000,0.077213,7.121142,0.224292
0.960058,6.880000,7.111954,0.900000,0.146305,7.031812,-0.592112
0.980071,7.280000,7.133082,2.320000,0.438664,7.126652,1.352256
1.000072,7.080000,7.130959,2.310000,0.660236,7.116061,1.174790
1.020075,7.280000,7.161383,2.900000,1.024993,7.187871,2.167033
1.040075,7.080000,7.174470,2.370000,1.392859,7.163900,1.592637
1.060073,7.290000,7.215883,2.900000,1.764082,7.230914,2.298355
1.080078,7.100000,7.241629,2.050000,2.134162,7.205735,1.575421
1.100076,7.410000,7.301812,3.070000,2.549270,7.306654,2.675414
1.120079,7.210000,7.341668,2.190000,2.821891,7.297734,1.943053
1.140078,7.510000,7.408044,3.080000,2.992487,7.404396,2.918755
1.160082,7.320000,7.466071,2.210000,3.472936,7.402255,2.171195
1.180082,7.630000,7.552234,3.230000,3.674555,7.516685,3.151397
1.200086,7.530000,7.620975,2.780000,4.003987,7.552367,2.783737
1.220086,7.830000,7.709997,3.810000,4.186678,7.686901,3.811817
1.240086,7.640000,7.783553,2.900000,4.667314,7.702987,2.951259
1.260090,8.040000,7.885543,4.370000,4.781910,7.862434,4.325481
1.280090,7.850000,7.972373,3.570000,4.909265,7.894729,3.573857
1.300090,8.160000,8.076673,4.440000,4.863197,8.032246,4.428170
1.320094,8.070000,8.168396,3.870000,4.957259,8.087400,3.901509
1.340096,8.380000,8.273971,4.820000,4.877401,8.238371,4.808239
1.360094,8.200000,8.368447,3.860000,5.039033,8.268861,4.089639
1.380082,8.600000,8.490963,5.760000,5.110578,8.439739,5.783803
1.400095,8.600000,8.577900,6.940000,5.003941,8.553581,6.132239
1.420101,8.680000,8.689350,7.050000,4.850394,8.662145,6.160450
1.440096,8.680000,8.767182,7.070000,4.632203,8.735865,5.633254
1.460100,8.890000,8.860382,6.700000,4.277359,8.862844,5.911266
1.480097,8.900000,8.922725,6.850000,3.798995,8.947960,5.755711
1.500103,9.000000,9.003042,6.450000,3.285847,9.041638,5.656682
1.520103,9.000000,9.044693,6.410000,2.769119,9.102048,5.073418
1.540106,9.200000,9.102528,5.840000,2.067091,9.213645,5.291099
1.560100,9.200000,9.122508,5.750000,1.425409,9.282611,4.882273
1.580108,9.300000,9.159491,5.330000,0.875015,9.362109,4.850388
1.600105,9.300000,9.163664,5.670000,0.323189,9.411771,4.408829
1.620110,9.290000,9.180472,4.590000,-0.212910,9.438611,3.756311
1.640114,8.990000,9.156530,1.840000,-0.654255,9.343147,1.718686
1.660101,9.290000,9.155049,2.430000,-1.039660,9.389634,2.342032
1.680115,8.980000,9.133909,1.100000,-1.448019,9.300161,0.981110
1.700114,9.170000,9.120700,1.450000,-1.513579,9.310093,1.271796
1.720117,8.960000,9.092790,0.340000,-1.484807,9.233414,0.269079
1.740120,9.160000,9.056564,0.920000,-1.694558,9.253515,0.811917
1.760118,8.870000,9.031611,-0.410000,-1.438638,9.153705,-0.392673
1.780120,9.070000,8.991633,0.170000,-1.421854,9.160003,0.138254
1.800123,8.890000,8.967325,-0.500000,-0.898073,9.092199,-0.507696
1.820123,9.100000,8.944154,0.330000,-0.667426,9.122503,0.276400
1.840125,8.810000,8.942314,-0.690000,-0.064600,9.030476,-0.729949
1.860124,9.010000,8.936573,0.100000,0.146669,9.043793,-0.092390
1.880127,8.820000,8.957546,-0.600000,0.648156,8.978652,-0.706178
1.900116,9.120000,8.977067,0.770000,0.873703,9.045673,0.732805
1.920131,8.910000,8.999377,0.640000,1.617580,9.009626,0.349608
1.940130,9.110000,9.036599,1.470000,1.816699,9.061709,1.155147
1.960134,8.900000,9.082768,0.570000,2.587987,9.017338,0.404537
1.980133,9.000000,9.135629,0.660000,2.865546,9.026904,0.651627
2.000137,9.300000,9.195990,2.370000,3.487120,9.143000,2.161997
2.020137,9.100000,9.264439,1.820000,3.592735,9.143207,1.662592
2.040137,9.510000,9.340043,3.480000,4.207904,9.296804,3.263626
2.060140,9.320000,9.414901,2.790000,4.207188,9.325299,2.717086
2.080142,9.640000,9.502086,3.860000,4.623791,9.464663,3.772357
2.100142,9.450000,9.593429,2.950000,4.476384,9.485022,2.961504
2.120141,9.860000,9.681319,4.370000,4.731152,9.652156,4.278465
2.140143,9.670000,9.769131,3.460000,4.512187,9.689309,3.503800
2.160146,9.980000,9.861186,4.280000,4.749280,9.830200,4.304428
2.180132,9.890000,9.950969,3.640000,4.303230,9.887471,3.834740
2.200150,10.200000,10.038492,4.910000,4.261198,10.040780,4.915947
2.220147,10.000000,10.122788,4.070000,3.843130,10.067292,3.954514
2.240150,10.310000,10.208552,4.760000,4.002988,10.201861,4.673502
2.260150,10.210000,10.281272,4.030000,4.015416,10.251339,4.054658
2.280154,10.510000,10.377705,4.850000,4.004559,10.394979,4.841453
2.300153,10.300000,10.447418,3.660000,4.132903,10.409166,3.728450
2.340158,10.480000,10.614987,4.250000,4.144519,10.524868,3.354692
2.360158,10.770000,10.703214,4.880000,4.063996,10.670362,4.365337
2.380159,10.670000,10.776530,4.140000,4.312941,10.715176,3.817520
2.400160,10.970000,10.889347,5.120000,4.550604,10.861839,4.867668
2.420163,10.770000,10.967523,4.120000,4.722508,10.875744,3.883341
2.440162,11.180000,11.073484,5.330000,4.887282,11.043438,5.157619
2.480166,11.380000,11.276606,5.470000,5.138973,11.296673,5.826693
2.500167,11.270000,11.366284,4.830000,5.309611,11.337781,4.865283
2.520169,11.560000,11.483015,5.520000,5.422691,11.484275,5.443810
2.540158,11.450000,11.577926,4.700000,5.480234,11.528659,4.748429
2.560168,11.750000,11.700175,5.900000,5.462202,11.675168,5.647206
2.580174,11.640000,11.793510,5.260000,5.520894,11.725129,4.944503
2.600174,12.050000,11.919056,6.390000,5.423648,11.913343,6.165404
2.640177,12.270000,12.127554,6.870000,5.247422,12.203192,7.073720
2.660179,12.060000,12.225324,5.890000,5.257389,12.212136,5.506976
2.680167,12.460000,12.352211,6.720000,5.311145,12.385230,6.389082
2.700167,12.360000,12.452379,6.030000,5.644517,12.449102,5.734183
2.720180,12.660000,12.557429,6.980000,5.354700,12.606790,6.642355
2.740181,12.540000,12.658812,6.250000,5.144118,12.660342,5.812099
2.760183,12.840000,12.759272,6.650000,4.722184,12.809371,6.391910
2.780182,12.740000,12.848045,5.650000,4.605138,12.864721,5.548130
2.800186,13.040000,12.941417,6.190000,4.262358,13.011697,6.119022
2.820186,12.940000,13.023616,5.270000,4.229550,13.065544,5.294223
2.840189,13.230000,13.108726,5.840000,3.971098,13.206470,5.831579
2.860190,13.120000,13.179069,4.910000,4.056749,13.252800,4.970446
2.880175,13.410000,13.263478,5.490000,3.757415,13.388251,5.528871
2.920192,13.570000,13.415549,6.190000,3.266361,13.610129,5.916839
2.940195,13.350000,13.473317,5.220000,3.318603,13.581019,4.539833
2.960191,13.340000,13.549882,5.720000,3.153443,13.563839,3.566752
2.980196,13.640000,13.599778,5.110000,3.012703,13.670458,4.324037
3.000194,13.660000,13.675941,5.030000,2.983279,13.739198,4.270930
3.020199,13.790000,13.729749,4.620000,3.066307,13.828783,4.580977
3.040195,13.800000,13.806582,5.130000,3.191390,13.887059,4.531223
3.060202,13.890000,13.862801,4.860000,3.332620,13.958125,4.517374
3.080198,13.890000,13.941118,4.820000,3.461068,14.002133,4.180745
3.100206,14.000000,13.997850,4.410000,3.525129,14.070306,4.199772
3.120201,14.000000,14.075316,4.400000,3.551531,14.111765,3.779638
3.140207,14.110000,14.122090,3.900000,3.431420,14.176598,3.762175
3.160203,14.110000,14.196117,3.820000,3.325287,14.214857,3.357114
3.180209,14.300000,14.246412,3.750000,2.905038,14.306373,3.742994
3.200205,14.310000,14.313685,3.620000,2.491170,14.364826,3.534792
3.220210,14.310000,14.351686,3.080000,2.137279,14.399738,3.085225
3.240212,14.620000,14.386553,4.360000,2.098029,14.533660,4.061664
3.260215,14.420000,14.420517,3.340000,1.714922,14.542474,3.152920
3.280215,14.620000,14.443060,3.690000,1.321896,14.621801,3.421299
3.300217,14.430000,14.471908,2.320000,1.011203,14.600403,2.299481
3.320219,14.620000,14.491197,2.620000,0.726592,14.655636,2.550188
3.340219,14.420000,14.525764,1.440000,0.749968,14.614301,1.485066
3.360219,14.610000,14.542884,1.820000,0.664006,14.656206,1.827837
3.380221,14.400000,14.573008,0.750000,0.809515,14.602063,0.816828
3.400224,14.700000,14.588337,1.820000,0.893189,14.675770,1.768282
3.420224,14.420000,14.623300,0.620000,1.309348,14.615776,0.680200
3.440224,14.730000,14.644547,1.720000,1.644282,14.690410,1.682465
3.460226,14.540000,14.691186,1.050000,2.165380,14.664825,1.050402
3.480227,14.740000,14.722824,1.720000,2.424932,14.721455,1.680993
3.500230,14.620000,14.771911,1.240000,3.068350,14.711491,1.195827
3.520231,14.800000,14.834577,1.770000,3.218920,14.770666,1.727524
3.540216,14.980000,14.899292,2.670000,3.674647,14.872584,2.598338
3.560228,14.980000,14.966304,2.790000,3.617860,14.936593,2.711370
3.580231,15.170000,15.040684,3.450000,3.962194,15.048294,3.424759
3.600235,14.980000,15.124150,2.270000,3.941786,15.050755,2.496810
3.620235,15.290000,15.198159,3.230000,4.062735,15.168741,3.424188
3.640239,15.190000,15.273417,2.840000,3.787869,15.207532,2.997395
3.660242,15.500000,15.345101,4.010000,3.878517,15.348127,4.033625
3.680240,15.310000,15.419432,3.060000,3.419662,15.368340,3.156667
3.700240,15.610000,15.489512,3.890000,3.526554,15.493899,3.926815
3.720245,15.420000,15.557675,2.810000,3.062977,15.503994,2.961811
3.740242,15.810000,15.620758,4.100000,3.035304,15.655422,4.131112
3.760247,15.610000,15.675307,3.120000,2.646545,15.677419,3.240481
3.780247,15.810000,15.734624,3.410000,2.821413,15.766563,3.513426
3.800248,15.710000,15.782409,2.640000,2.710692,15.785989,2.779612
3.820248,16.010000,15.851477,3.540000,2.781006,15.908589,3.590274
3.840249,15.810000,15.900403,2.490000,2.663613,15.911217,2.603422
3.880251,15.920000,16.007350,2.400000,2.655477,15.980276,2.181252
3.900255,16.120000,16.078719,2.890000,2.832423,16.073003,2.999520
3.920256,16.020000,16.124731,2.580000,2.951703,16.087100,2.639118
3.940256,16.300000,16.199975,3.690000,3.047452,16.207881,3.656061
3.960258,16.090000,16.252397,2.630000,3.266078,16.201004,2.700866
3.980261,16.390000,16.317030,3.410000,3.165150,16.313036,3.499417
4.000261,16.290000,16.359856,2.800000,3.231444,16.344179,2.981949
4.020258,16.590000,16.432031,3.800000,3.115891,16.476492,4.002073
4.040263,16.390000,16.483804,3.200000,3.086942,16.485414,3.402746
4.060264,16.680000,16.556987,4.540000,3.153792,16.603203,4.293648
4.080265,16.490000,16.608056,3.420000,3.103842,16.608907,3.362026
4.100268,16.800000,16.683272,4.160000,2.902159,16.729073,4.145121
4.120266,16.620000,16.741151,3.090000,2.840258,16.738083,3.239391
4.140271,17.020000,16.806474,4.400000,2.924144,16.892006,4.457053
4.160273,16.710000,16.851727,2.890000,2.793274,16.874065,3.054966
4.180271,17.000000,16.918062,3.470000,2.752520,16.970524,3.557281
4.200274,16.800000,16.962565,2.260000,2.711717,16.956055,2.458557
4.240275,17.020000,17.074607,2.670000,2.719991,17.042074,2.292298
4.260277,17.230000,17.140208,3.310000,2.743733,17.150824,3.069203
4.280279,17.140000,17.176420,2.770000,2.627959,17.177752,2.587899
4.300278,17.350000,17.243042,3.290000,2.523846,17.277597,3.160668
4.320280,17.140000,17.286891,2.130000,2.570419,17.257286,2.084260
4.340267,17.430000,17.337414,3.130000,2.237893,17.356508,3.090448
4.360281,17.330000,17.366637,3.170000,2.116102,17.381393,2.837685
4.400284,17.350000,17.431520,2.950000,1.586922,17.448405,2.600592
4.420287,17.600000,17.473491,3.430000,1.066567,17.558624,3.495472
4.440287,17.430000,17.485563,2.410000,0.802596,17.552370,2.636634
4.460287,17.640000,17.505688,2.840000,0.214065,17.632307,3.089616
4.480289,17.420000,17.498349,1.670000,-0.122081,17.594346,1.903236
4.500290,17.600000,17.491583,1.920000,-0.430911,17.639480,2.099646
4.520294,17.380000,17.475259,0.610000,-0.731643,17.581618,0.853370
4.540296,17.660000,17.469749,1.360000,-1.020136,17.647794,1.535521
4.560294,17.360000,17.447283,-0.070000,-1.233438,17.572669,0.177909
4.580292,17.370000,17.431554,-0.210000,-1.550199,17.526502,-0.391154
4.600298,17.390000,17.383970,-0.740000,-1.795203,17.499822,-0.515887
4.620295,17.390000,17.361164,-0.740000,-1.950749,17.478023,-0.543014
4.640300,17.290000,17.313376,-1.120000,-2.187550,17.423194,-0.985139
4.660295,17.280000,17.268239,-1.170000,-2.322179,17.381487,-1.060642
4.680303,17.160000,17.208146,-1.440000,-2.384613,17.307885,-1.559260
4.700300,17.140000,17.176217,-1.450000,-2.359102,17.251022,-1.748593
4.720307,17.130000,17.118156,-1.580000,-2.381012,17.207447,-1.726756
4.740301,17.140000,17.085739,-1.640000,-2.357883,17.179926,-1.536386
4.760307,17.050000,17.024176,-1.710000,-2.399982,17.126339,-1.748502
4.780303,17.060000,16.984743,-1.690000,-2.398624,17.094005,-1.564052
4.800311,16.860000,16.918797,-2.030000,-2.425419,16.998450,-2.248084
4.820308,16.860000,16.884947,-1.960000,-2.496290,16.937058,-2.286870
4.840314,16.740000,16.823160,-2.230000,-2.551820,16.851887,-2.642947
4.860312,16.920000,16.779893,-1.000000,-2.295535,16.862081,-1.697149
4.880316,16.600000,16.721135,-2.320000,-2.383557,16.748354,-2.671980
4.900316,16.780000,16.671855,-1.540000,-2.381375,16.742059,-1.937904
4.940320,16.770000,16.594100,-1.160000,-1.926398,16.707369,-1.364361
4.960319,16.470000,16.573550,-1.980000,-1.296561,16.584438,-2.520976
4.980322,16.670000,16.553657,-1.020000,-0.746655,16.594911,-1.665005
5.000321,16.360000,16.558339,-2.080000,0.084845,16.478452,-2.649042
5.020326,16.640000,16.564785,-0.800000,0.613582,16.516710,-1.367122
5.040326,16.410000,16.588655,-1.310000,1.356778,16.451784,-1.786254
5.060328,16.690000,16.620749,0.060000,1.835385,16.518817,-0.389340
5.080329,16.460000,16.658062,-0.500000,2.510630,16.475418,-0.871378
5.100329,16.750000,16.716079,0.740000,3.253036,16.559229,0.409351
5.120332,16.550000,16.796316,0.150000,4.281846,16.539238,-0.023050
5.140330,16.950000,16.881563,1.990000,4.666545,16.678380,1.735184
5.160334,17.060000,16.976238,3.080000,5.590456,16.809148,2.819286
5.180328,17.070000,17.078776,3.210000,6.066792,16.900836,3.087466
5.200335,17.370000,17.207604,4.250000,6.458849,17.075996,4.367403
5.220335,17.250000,17.327376,3.540000,6.305462,17.148757,3.920384
5.240341,17.530000,17.455059,4.340000,6.630344,17.305122,4.687021
5.260340,17.410000,17.587557,3.670000,6.413995,17.364946,4.239372
5.280340,17.780000,17.708429,5.360000,6.503566,17.546617,5.463225
5.300341,17.780000,17.835953,5.300000,6.118903,17.666607,5.446477
5.320340,18.100000,17.959660,6.330000,6.140401,17.866062,6.491081
5.360347,18.360000,18.204205,6.640000,5.739538,18.184323,7.060086
5.380346,18.180000,18.315380,5.550000,5.278178,18.224838,5.619998
5.400350,18.590000,18.416152,6.600000,5.430276,18.422252,6.563624
5.420349,18.390000,18.515660,5.260000,5.040242,18.465121,5.276839
5.440349,18.680000,18.620877,5.620000,4.789114,18.607465,5.635245
5.460350,18.570000,18.708262,4.590000,4.509968,18.653899,4.665015
5.480351,18.970000,18.806886,5.680000,4.103181,18.834418,5.705473
5.500352,18.780000,18.877466,4.570000,3.772655,18.874934,4.638775
5.520355,19.000000,18.968085,4.790000,3.650964,18.983390,4.812030
5.540358,19.020000,19.020081,4.470000,3.450405,19.058057,4.503748
5.560360,19.230000,19.094324,4.930000,3.381910,19.182345,4.939232
5.580358,19.120000,19.148761,4.110000,3.346436,19.219349,4.148872
5.600362,19.310000,19.227731,4.390000,3.353465,19.313202,4.349279
5.620362,19.190000,19.285758,3.460000,3.231500,19.327184,3.453757
5.640364,19.490000,19.367093,4.220000,3.239923,19.445785,4.202711
5.660361,19.290000,19.421347,3.070000,3.373710,19.445117,3.170774
5.680367,19.590000,19.511676,3.880000,3.535098,19.554674,3.910993
5.700365,19.490000,19.578514,3.340000,3.842136,19.585185,3.390442
5.720368,19.680000,19.671963,3.820000,4.228625,19.674087,3.800078
5.740371,19.670000,19.747834,3.590000,4.682651,19.725589,3.584246
5.760369,19.950000,19.858378,4.570000,5.031867,19.860893,4.509002
5.780369,19.730000,19.954148,3.390000,5.525246,19.865115,3.421012
5.800373,20.200000,20.073374,4.970000,6.056363,20.041511,4.898976
5.820375,20.090000,20.184635,4.520000,6.400626,20.111541,4.508811
5.840376,20.390000,20.328374,5.430000,6.844217,20.267822,5.391086
5.860377,20.310000,20.458242,4.890000,7.183365,20.338334,4.898071
5.880378,20.730000,20.617950,6.380000,7.618568,20.539877,6.269600
5.900379,20.660000,20.759772,5.950000,7.935604,20.643077,5.909693
5.920380,21.070000,20.930307,7.220000,8.120374,20.862557,7.144115
5.940381,20.970000,21.095743,6.560000,8.587365,20.966837,6.734452
5.960381,21.340000,21.269962,7.860000,8.601131,21.174841,7.730595
5.980386,21.310000,21.440577,7.280000,8.775707,21.299015,7.273166
6.000385,21.690000,21.609163,8.180000,8.617235,21.521411,8.183546
6.020386,21.690000,21.775974,7.630000,8.592735,21.664291,7.771497
6.040387,22.000000,21.946079,8.220000,8.194194,21.871986,8.340667
6.060389,22.020000,22.098799,7.700000,8.198782,22.012808,7.876632
6.080389,22.440000,22.262063,8.810000,7.723327,22.259007,8.927536
6.100392,22.340000,22.411984,7.870000,7.515936,22.379534,8.025155
6.120392,22.730000,22.558581,8.660000,6.987176,22.602219,8.733838
6.140394,22.610000,22.690004,7.460000,6.781220,22.699863,7.605484
6.160395,23.000000,22.823168,8.100000,6.186272,22.906845,8.227337
6.180398,22.980000,22.941776,7.360000,5.928699,23.029650,7.540642
6.200393,22.980000,23.071198,7.220000,5.471680,23.107570,6.532574
6.220397,23.190000,23.173222,6.690000,5.191509,23.233126,6.476192
6.240397,23.200000,23.289602,6.640000,4.921176,23.313634,5.879813
6.260403,23.430000,23.385472,6.360000,4.834534,23.447060,6.153809
6.280398,23.430000,23.493910,6.340000,4.681440,23.528656,5.662110
6.300403,23.610000,23.577154,5.990000,4.528962,23.644640,5.757305
6.320400,23.600000,23.674147,5.900000,4.459187,23.711792,5.143771
6.340408,23.750000,23.745219,5.350000,4.326295,23.807102,5.061524
6.360404,23.740000,23.837059,5.190000,4.095936,23.860385,4.430745
6.380409,23.930000,23.899158,4.820000,3.884184,23.960792,4.612318
6.400404,23.930000,23.976753,4.700000,3.506657,24.020610,4.184693
6.420411,24.130000,24.026120,4.620000,3.203338,24.129121,4.512733
6.440409,24.140000,24.093490,4.550000,2.757368,24.198309,4.241561
6.460413,24.150000,24.137258,3.990000,2.176416,24.244029,3.780703
6.480415,24.340000,24.184011,4.520000,2.024160,24.341025,4.134128
6.500416,24.230000,24.217642,3.560000,1.561255,24.359781,3.365334
6.520419,24.320000,24.242120,3.320000,1.296252,24.403573,3.170325
6.540419,24.210000,24.276383,2.290000,1.081674,24.388454,2.291115
6.560420,24.410000,24.303035,2.720000,1.027694,24.450098,2.669041
6.580420,24.210000,24.342481,1.630000,1.104827,24.412013,1.660662
6.600423,24.430000,24.369074,2.200000,1.209042,24.466699,2.166989
6.620425,24.240000,24.408246,1.270000,1.469509,24.427911,1.296551
6.640426,24.440000,24.434675,1.860000,1.734736,24.474830,1.803991
6.660426,24.340000,24.477194,1.410000,2.087586,24.464475,1.398992
6.680430,24.530000,24.509897,2.100000,2.390875,24.525971,2.024082
6.700431,24.420000,24.565438,1.550000,2.765163,24.522106,1.552267
6.720431,24.700000,24.611955,2.550000,2.932264,24.621375,2.511650
6.740434,24.490000,24.665378,1.580000,3.214145,24.604862,1.651893
6.760431,24.790000,24.716024,2.550000,2.996435,24.704541,2.556896
6.780435,24.890000,24.775933,3.150000,3.109926,24.802627,3.106507
6.800433,24.890000,24.826881,3.100000,2.831888,24.864754,3.018911
6.820438,24.990000,24.889904,3.310000,3.002885,24.941964,3.163403
6.840438,24.900000,24.947861,2.460000,2.639767,24.958559,2.475348
6.860441,25.090000,25.005591,2.920000,2.711723,25.039684,2.848538
6.880440,24.990000,25.057494,2.240000,2.279109,25.053676,2.249552
6.900443,25.190000,25.108677,2.770000,2.332684,25.136331,2.741650
6.920444,25.090000,25.151175,2.200000,1.966408,25.151139,2.214214
6.940443,25.280000,25.197032,2.770000,2.045378,25.230741,2.686643
6.960446,25.090000,25.238722,1.690000,1.832717,25.210620,1.738203
6.980447,25.290000,25.276437,2.200000,1.987036,25.271798,2.202729
7.000449,25.200000,25.316806,1.770000,1.796720,25.276491,1.762693
7.020448,25.510000,25.349077,2.930000,2.109286,25.393234,2.874109
7.040453,25.310000,25.385077,2.070000,2.096665,25.392498,2.103004
7.060449,25.620000,25.433732,3.070000,2.191837,25.507017,3.054026
7.080453,25.320000,25.472603,1.640000,2.171739,25.468617,1.722151
7.100453,25.620000,25.525034,2.430000,2.248847,25.555673,2.447917
7.120459,25.420000,25.562992,1.500000,2.327323,25.535777,1.572809
7.140458,25.730000,25.620038,2.540000,2.435369,25.637305,2.547282
7.160457,25.530000,25.657848,1.740000,2.462782,25.626653,1.764422
7.180462,25.850000,25.716548,2.870000,2.523820,25.738231,2.859049
7.200462,25.660000,25.765738,2.180000,2.650019,25.738630,2.161637
7.220463,25.880000,25.831275,2.820000,2.696378,25.821410,2.756247
7.240464,25.800000,25.870325,2.390000,2.744671,25.844496,2.400791
7.260466,26.010000,25.930546,3.100000,2.873906,25.937547,3.039729
7.280465,25.920000,25.977772,2.570000,3.063513,25.963544,2.584357
7.300468,26.130000,26.051326,3.150000,3.121022,26.058293,3.158694
7.320466,26.040000,26.110618,2.600000,3.336527,26.085204,2.651357
7.340469,26.260000,26.186699,3.190000,3.214400,26.183972,3.239837
7.360456,26.170000,26.235886,2.680000,3.280278,26.213198,2.757911
7.380471,26.380000,26.307288,3.430000,3.224820,26.310017,3.389958
7.400472,26.270000,26.364254,2.920000,3.418369,26.331617,2.809727
7.420473,26.570000,26.450256,3.860000,3.535408,26.456958,3.750942
7.440473,26.470000,26.511089,3.330000,3.721660,26.499603,3.286763
7.480476,26.570000,26.664334,3.180000,3.888389,26.606075,2.989344
7.500477,26.880000,26.748324,3.980000,3.978040,26.759246,4.158252
7.520481,26.790000,26.835287,3.430000,4.365405,26.812199,3.733021
7.540479,27.000000,26.927842,3.980000,4.458247,26.928560,4.255809
7.560481,26.910000,27.020891,3.380000,4.822701,26.965629,3.649181
7.600484,27.110000,27.209498,3.760000,5.092874,27.104831,3.602991
7.620487,27.400000,27.308370,4.660000,5.033832,27.267372,4.718457
7.660491,27.600000,27.519695,4.810000,5.350253,27.506244,5.292369
7.680493,27.510000,27.626088,4.380000,5.707476,27.547618,4.462729
7.700490,27.820000,27.744755,5.340000,5.610820,27.707309,5.317080
7.720493,27.730000,27.857050,4.730000,5.741557,27.765582,4.688588
7.740496,28.130000,27.972972,6.050000,5.848398,27.961809,5.952731
7.760494,28.140000,28.088876,5.960000,6.132809,28.085654,5.913008
7.780491,28.140000,28.212336,5.990000,6.035539,28.165176,5.389022
7.800499,28.340000,28.334465,5.910000,6.163492,28.292991,5.634922
7.820495,28.350000,28.453076,5.910000,6.026719,28.377663,5.240418
7.840502,28.650000,28.576873,6.030000,6.213075,28.543659,6.003152
7.860495,28.650000,28.702520,6.000000,6.358877,28.648093,5.714565
7.880502,28.950000,28.844079,6.210000,6.582652,28.826243,6.452368
7.900498,28.940000,28.971067,6.140000,6.613662,28.935382,6.067619
7.920507,29.140000,29.104048,6.050000,6.676941,29.079847,6.275068
7.940502,29.140000,29.236860,6.010000,7.435256,29.171882,5.753449
7.960508,29.420000,29.373708,6.120000,6.695719,29.334202,6.307059
