time_s,flow_x_cm,flow_y_cm,flow_vx_cm_s,flow_vy_cm_s,obs_vx_cm_s,obs_vy_cm_s,logged_ekf_x_cm,logged_ekf_y_cm,logged_ekf_vx_cm_s,logged_ekf_vy_cm_s,replay_x_cm,replay_y_cm,replay_vx_cm_s,replay_vy_cm_s,replay_used,replay_rejected,replay_innov_x_cm_s,replay_innov_y_cm_s
0.000000,-73.990000,-87.650000,-3.300000,25.800000,-9.300000,20.200000,-65.930000,-132.760000,-2.700000,26.600000,-73.990000,-87.650000,-2.444972,5.310584,1.000000,0.000000,-9.300000,20.200000
4.820304,-55.020000,-78.110000,-3.600000,-6.000000,0.000000,0.000000,-46.020000,-117.780000,-3.300000,-8.300000,-74.234497,-87.118942,-1.772275,3.849458,1.000000,0.000000,2.444972,-5.310584
0.040007,-74.250000,-86.930000,-5.200000,21.700000,-8.900000,17.100000,-66.040000,-131.720000,-3.700000,24.300000,-74.243359,-87.099694,-3.335674,6.755838,1.000000,0.000000,-7.127725,13.250542
0.060005,-74.260000,-86.480000,-3.700000,22.000000,-0.200000,22.500000,-66.120000,-131.230000,-3.200000,24.000000,-74.310065,-86.964591,-2.723333,9.830390,1.000000,0.000000,3.135674,15.744162
0.080008,-74.260000,-86.000000,-2.600000,22.700000,-0.200000,24.400000,-66.180000,-130.750000,-2.800000,24.100000,-74.364540,-86.767954,-2.270650,12.444163,1.000000,0.000000,2.523333,14.569610
0.100007,-74.270000,-85.550000,-1.900000,22.500000,-0.200000,22.100000,-66.240000,-130.270000,-2.400000,23.800000,-74.409951,-86.519083,-1.921623,14.071740,1.000000,0.000000,2.070650,9.655837
0.120008,-74.270000,-85.160000,-1.400000,21.700000,-0.200000,19.700000,-66.290000,-129.790000,-2.100000,23.200000,-74.448385,-86.237634,-1.644444,14.977884,1.000000,0.000000,1.721623,5.628260
0.140010,-74.270000,-84.840000,-1.000000,20.000000,-0.100000,16.100000,-66.330000,-129.320000,-1.800000,22.200000,-74.481277,-85.938046,-1.404060,15.152534,1.000000,0.000000,1.544444,1.122116
0.160010,-74.280000,-84.530000,-0.700000,18.500000,-0.100000,15.200000,-66.370000,-128.880000,-1.600000,21.200000,-74.509359,-85.634996,-1.206095,15.159740,1.000000,0.000000,1.304060,0.047466
0.180011,-74.280000,-84.160000,-0.600000,18.600000,-0.100000,18.800000,-66.400000,-128.450000,-1.400000,20.900000,-74.533482,-85.331786,-1.041244,15.702280,1.000000,0.000000,1.106095,3.640260
0.200014,-74.290000,-83.820000,-0.400000,18.100000,-0.100000,16.800000,-66.430000,-128.040000,-1.200000,20.300000,-74.554310,-85.017693,-0.902852,15.863679,1.000000,0.000000,0.941244,1.097720
0.220017,-74.290000,-83.500000,-0.300000,17.400000,-0.100000,15.900000,-66.460000,-127.630000,-1.100000,19.700000,-74.572370,-84.700372,-0.785982,15.868966,1.000000,0.000000,0.802852,0.036321
0.240016,-74.290000,-83.500000,-0.200000,12.200000,0.000000,0.000000,-66.480000,-127.230000,-1.100000,19.700000,-74.588088,-84.383008,-0.785982,15.868966,0.000000,0.000000,0.785982,-15.868966
0.260019,-74.290000,-83.250000,-0.200000,12.200000,-0.100000,12.200000,-66.500000,-126.840000,-0.900000,18.500000,-74.603810,-84.065582,-0.675374,15.277380,1.000000,0.000000,0.685982,-3.668966
0.280020,-74.290000,-82.960000,-0.200000,12.900000,-0.100000,14.500000,-66.520000,-126.470000,-0.800000,17.900000,-74.617319,-83.760019,-0.585722,15.156252,1.000000,0.000000,0.575374,-0.777380
0.300022,-74.300000,-82.670000,-0.100000,13.400000,-0.100000,14.600000,-66.540000,-126.110000,-0.700000,17.400000,-74.629034,-83.456863,-0.511925,15.071740,1.000000,0.000000,0.485722,-0.556252
0.320021,-74.300000,-82.380000,-0.100000,13.600000,-0.100000,14.200000,-66.550000,-125.760000,-0.600000,16.900000,-74.639272,-83.155444,-0.450496,14.941739,1.000000,0.000000,0.411925,-0.871740
0.340021,-74.300000,-82.130000,-0.100000,13.300000,-0.100000,12.500000,-66.570000,-125.420000,-0.500000,16.300000,-74.648282,-82.856609,-0.398940,14.582576,1.000000,0.000000,0.350496,-2.441739
0.360025,-74.300000,-81.840000,-0.100000,13.800000,-0.100000,14.900000,-66.580000,-125.100000,-0.400000,16.100000,-74.656262,-82.564899,-0.355410,14.628798,1.000000,0.000000,0.298940,0.317424
0.380027,-74.310000,-81.450000,-0.100000,15.400000,-0.100000,19.400000,-66.590000,-124.770000,-0.400000,16.500000,-74.663371,-82.272294,-0.318496,15.318385,1.000000,0.000000,0.255410,4.771202
0.400027,-74.310000,-81.090000,-0.100000,16.200000,-0.100000,18.000000,-66.600000,-124.440000,-0.400000,16.700000,-74.669741,-81.965926,-0.287090,15.703830,1.000000,0.000000,0.218496,2.681615
0.420026,-74.310000,-80.730000,-0.100000,16.700000,-0.100000,17.800000,-66.600000,-124.110000,-0.300000,16.900000,-74.675483,-81.651865,-0.260308,16.003902,1.000000,0.000000,0.187090,2.096170
0.440030,-74.320000,-80.430000,-0.100000,16.100000,-0.100000,14.700000,-66.610000,-123.770000,-0.300000,16.600000,-74.680690,-81.331723,-0.237427,15.817799,1.000000,0.000000,0.160308,-1.303902
0.460032,-74.320000,-80.190000,-0.100000,15.000000,-0.100000,12.400000,-66.620000,-123.440000,-0.300000,16.000000,-74.685439,-81.015335,-0.217856,15.331058,1.000000,0.000000,0.137427,-3.417799
0.480034,-74.320000,-79.880000,-0.100000,15.100000,-0.100000,15.300000,-66.620000,-123.110000,-0.200000,15.900000,-74.689797,-80.708684,-0.201099,15.326642,1.000000,0.000000,0.117856,-0.031058
0.500033,-74.320000,-79.570000,-0.100000,15.100000,-0.100000,15.100000,-66.630000,-122.800000,-0.200000,15.800000,-74.693818,-80.402166,-0.186742,15.294457,1.000000,0.000000,0.101099,-0.226642
0.520034,-74.330000,-79.180000,-0.100000,16.400000,-0.100000,19.500000,-66.630000,-122.480000,-0.200000,16.300000,-74.697553,-80.096262,-0.174434,15.891159,1.000000,0.000000,0.086742,4.205543
0.540034,-74.330000,-78.820000,-0.100000,16.900000,-0.100000,18.200000,-66.640000,-122.150000,-0.200000,16.600000,-74.701042,-79.778438,-0.163880,16.218533,1.000000,0.000000,0.074434,2.308841
0.560037,-74.330000,-78.440000,-0.100000,17.500000,-0.100000,18.700000,-66.640000,-121.820000,-0.200000,16.900000,-74.704320,-79.454019,-0.154827,16.570220,1.000000,0.000000,0.063880,2.481467
0.580039,-74.330000,-78.100000,-0.100000,17.400000,-0.100000,17.200000,-66.650000,-121.480000,-0.200000,16.900000,-74.707417,-79.122582,-0.147059,16.659444,1.000000,0.000000,0.054827,0.629780
0.620040,-74.340000,-77.600000,-0.100000,14.700000,0.000000,10.400000,-66.660000,-120.810000,-0.100000,15.700000,-74.713299,-78.456187,-0.123751,15.667369,1.000000,0.000000,0.147059,-6.259444
4.640293,-54.530000,-75.980000,-6.200000,-3.200000,-11.600000,0.300000,-45.470000,-116.190000,-3.800000,-4.400000,-74.725675,-76.889450,-2.600145,12.351332,1.000000,0.000000,-11.476249,-15.367369
0.660045,-74.340000,-77.070000,0.000000,14.300000,-0.100000,17.300000,-66.660000,-120.200000,-0.100000,15.100000,-74.738675,-76.827694,-2.146586,13.249086,1.000000,0.000000,2.500145,4.948668
0.680046,-74.340000,-76.560000,-0.100000,17.600000,-0.100000,25.400000,-66.670000,-119.890000,-0.100000,16.600000,-74.781609,-76.562699,-1.798767,15.314143,1.000000,0.000000,2.046586,12.150914
0.700044,-74.350000,-75.970000,-0.100000,21.100000,-0.100000,29.300000,-66.670000,-119.560000,-0.100000,18.400000,-74.817581,-76.256446,-1.523609,17.579501,1.000000,0.000000,1.698767,13.985857
0.720048,-74.350000,-75.390000,-0.100000,23.500000,-0.100000,28.900000,-66.670000,-119.190000,-0.100000,19.900000,-74.848059,-75.904786,-1.301041,19.349358,1.000000,0.000000,1.423609,11.320499
0.740050,-74.350000,-75.050000,-0.100000,21.500000,0.000000,17.000000,-66.670000,-118.790000,-0.100000,19.500000,-74.874083,-75.517760,-1.102879,18.991527,1.000000,0.000000,1.301041,-2.349358
0.760049,-74.350000,-75.050000,0.000000,15.000000,0.000000,0.000000,-66.680000,-118.400000,-0.100000,19.500000,-74.896139,-75.137949,-1.102879,18.991527,0.000000,0.000000,1.102879,-18.991527
0.780051,-74.350000,-74.930000,0.000000,12.400000,0.000000,6.400000,-66.680000,-118.010000,-0.100000,17.400000,-74.918199,-74.758080,-0.919850,16.901885,1.000000,0.000000,1.102879,-12.591527
0.800054,-74.150000,-74.530000,3.000000,14.600000,10.400000,19.700000,-66.680000,-117.670000,1.400000,17.700000,-74.936599,-74.419992,0.881867,17.347245,1.000000,0.000000,11.319850,2.798115
0.840055,-74.150000,-74.030000,1.400000,14.000000,0.000000,18.900000,-66.630000,-116.990000,1.000000,16.400000,-74.901323,-73.726085,0.731335,17.612296,1.000000,0.000000,-0.881867,1.552755
0.860055,-74.150000,-73.470000,1.000000,18.400000,-0.100000,28.400000,-66.610000,-116.660000,0.800000,18.100000,-74.886696,-73.373839,0.596243,19.365303,1.000000,0.000000,-0.831335,10.787704
0.880057,-74.150000,-72.780000,0.600000,23.100000,-0.100000,34.200000,-66.590000,-116.300000,0.700000,20.500000,-74.874770,-72.986494,0.487132,21.690096,1.000000,0.000000,-0.696243,14.834697
0.900059,-74.150000,-72.060000,0.400000,27.000000,-0.100000,36.100000,-66.570000,-115.890000,0.600000,22.700000,-74.865027,-72.552649,0.397549,23.888722,1.000000,0.000000,-0.587132,14.409904
0.920061,-74.150000,-71.680000,0.200000,24.500000,0.000000,18.700000,-66.560000,-115.430000,0.500000,22.100000,-74.857075,-72.074826,0.338077,23.112505,1.000000,0.000000,-0.397549,-5.188722
0.960062,-74.010000,-71.520000,2.200000,14.500000,7.000000,8.300000,-66.540000,-114.610000,1.300000,17.500000,-74.843552,-71.150303,1.431063,20.682295,1.000000,0.000000,6.661923,-14.812505
0.980062,-74.010000,-71.520000,1.500000,10.100000,0.000000,0.000000,-66.510000,-114.260000,1.100000,15.000000,-74.814930,-70.736657,1.205210,17.418165,1.000000,0.000000,-1.431063,-20.682295
1.000064,-73.630000,-71.080000,6.700000,13.500000,18.900000,21.500000,-66.490000,-113.960000,3.700000,15.900000,-74.790824,-70.388259,3.919118,18.044209,1.000000,0.000000,17.694790,4.081835
1.040064,-73.640000,-70.020000,3.300000,20.600000,0.000000,30.600000,-66.350000,-113.300000,2.700000,18.800000,-74.634059,-69.666491,3.265823,20.137189,1.000000,0.000000,-3.919118,12.555791
1.060067,-73.640000,-69.290000,2.300000,25.300000,0.000000,36.400000,-66.300000,-112.920000,2.300000,21.300000,-74.568733,-69.263687,2.744317,22.734132,1.000000,0.000000,-3.265823,16.262811
1.080068,-73.640000,-68.870000,1.600000,23.900000,0.000000,20.700000,-66.250000,-112.500000,2.000000,21.200000,-74.513844,-68.808981,2.319754,22.419439,1.000000,0.000000,-2.744317,-2.034132
1.100066,-73.750000,-68.870000,-0.500000,16.700000,-5.500000,0.000000,-66.210000,-112.070000,0.900000,18.200000,-74.467453,-68.360637,1.137953,19.031183,1.000000,0.000000,-7.819754,-22.419439
1.120071,-73.680000,-68.870000,0.600000,11.700000,3.300000,0.000000,-66.190000,-111.700000,1.200000,15.600000,-74.444688,-67.979918,1.459129,16.204068,1.000000,0.000000,2.162047,-19.031183
1.140068,-73.460000,-68.870000,3.700000,8.200000,11.000000,0.000000,-66.170000,-111.390000,2.600000,13.400000,-74.415510,-67.655886,2.858502,13.827395,1.000000,0.000000,9.540871,-16.204068
1.160074,-73.220000,-68.870000,6.200000,5.700000,12.000000,0.000000,-66.110000,-111.120000,4.000000,11.500000,-74.358323,-67.379255,4.186832,11.818167,1.000000,0.000000,9.141498,-13.827395
1.180069,-72.750000,-68.690000,11.400000,6.800000,23.400000,9.200000,-66.030000,-110.890000,6.700000,11.200000,-74.274607,-67.142951,6.959312,11.440363,1.000000,0.000000,19.213168,-2.618167
1.200078,-72.750000,-68.640000,7.900000,5.500000,0.000000,2.500000,-65.900000,-110.670000,5.800000,9.900000,-74.135359,-66.914040,5.960127,10.156749,1.000000,0.000000,-6.959312,-8.940363
1.220073,-72.750000,-68.480000,5.500000,6.200000,0.000000,7.900000,-65.780000,-110.470000,4.900000,9.700000,-74.016186,-66.710956,5.107647,9.833965,1.000000,0.000000,-5.960127,-2.256749
1.240080,-72.750000,-68.480000,3.900000,4.300000,0.000000,0.000000,-65.680000,-110.270000,4.200000,8.300000,-73.913997,-66.514208,4.379089,8.431242,1.000000,0.000000,-5.107647,-9.833965
1.260076,-72.660000,-68.480000,4.000000,3.000000,4.300000,0.000000,-65.600000,-110.110000,4.200000,7.100000,-73.826433,-66.345617,4.367831,7.231101,1.000000,0.000000,-0.079089,-8.431242
1.280080,-72.660000,-68.480000,2.800000,2.100000,0.000000,0.000000,-65.510000,-109.960000,4.200000,7.100000,-73.739059,-66.200966,4.367831,7.231101,0.000000,0.000000,-4.367831,-7.231101
1.300078,-72.560000,-68.770000,3.400000,-2.800000,4.700000,-14.400000,-65.420000,-109.820000,4.300000,3.700000,-73.651711,-66.056358,4.420635,3.792478,1.000000,0.000000,0.332169,-21.631101
1.320085,-72.350000,-69.290000,5.500000,-9.700000,10.600000,-26.000000,-65.340000,-109.750000,5.300000,-0.800000,-73.563267,-65.980482,5.373473,-0.801427,1.000000,0.000000,6.179365,-29.792478
1.340081,-72.020000,-69.750000,8.900000,-13.800000,16.700000,-23.200000,-65.230000,-109.760000,7.000000,-4.200000,-73.455819,-65.996508,7.081077,-4.178269,1.000000,0.000000,11.326527,-22.398573
1.360088,-72.020000,-69.750000,6.200000,-9.600000,0.000000,0.000000,-65.090000,-109.850000,6.000000,-3.500000,-73.314148,-66.080102,6.031053,-3.558690,1.000000,0.000000,-7.081077,4.178269
1.400088,-72.020000,-69.750000,3.000000,-4.700000,0.000000,0.000000,-64.870000,-109.980000,4.300000,-2.600000,-73.072906,-66.222450,5.047106,-2.978101,1.000000,0.000000,-6.031053,3.558690
3.420215,-58.980000,-78.210000,-2.400000,12.300000,0.000000,0.000000,-50.890000,-120.450000,1.400000,9.200000,-72.568195,-66.520260,3.943627,-2.326981,1.000000,0.000000,-5.047106,2.978101
1.440090,-71.960000,-69.500000,2.300000,1.300000,2.700000,12.300000,-64.700000,-110.080000,3.600000,-0.100000,-72.548477,-66.531895,3.715645,0.354433,1.000000,0.000000,-1.243627,14.626981
1.460091,-71.960000,-69.700000,1.600000,-1.900000,0.000000,-9.700000,-64.630000,-110.080000,3.000000,-1.500000,-72.474161,-66.524806,3.079296,-1.367511,1.000000,0.000000,-3.715645,-10.054433
1.480093,-71.960000,-70.130000,1.000000,-7.700000,-0.100000,-21.400000,-64.570000,-110.110000,2.600000,-4.300000,-72.412569,-66.552159,2.561394,-4.630768,1.000000,0.000000,-3.179296,-20.032489
1.500095,-71.970000,-70.770000,0.700000,-15.100000,-0.100000,-32.200000,-64.520000,-110.200000,2.200000,-8.300000,-72.361336,-66.644783,2.143566,-8.959025,1.000000,0.000000,-2.661394,-27.569232
1.520098,-71.530000,-71.110000,7.000000,-15.600000,21.700000,-16.900000,-64.470000,-110.370000,5.000000,-9.500000,-72.318458,-66.823991,5.131423,-10.172257,1.000000,0.000000,19.556434,-7.940975
1.540095,-71.530000,-71.110000,4.900000,-10.900000,0.000000,0.000000,-64.370000,-110.560000,4.200000,-8.100000,-72.215845,-67.027405,4.363043,-8.649061,1.000000,0.000000,-5.131423,10.172257
1.560097,-71.530000,-71.110000,3.400000,-7.600000,0.000000,0.000000,-64.290000,-110.720000,3.600000,-7.000000,-72.128575,-67.200404,3.719319,-7.372977,1.000000,0.000000,-4.363043,8.649061
1.580100,-71.530000,-71.110000,2.400000,-5.300000,0.000000,0.000000,-64.210000,-110.860000,3.100000,-6.000000,-72.054178,-67.347886,3.176524,-6.296969,1.000000,0.000000,-3.719319,7.372977
1.600100,-71.530000,-71.110000,1.600000,-3.700000,0.000000,0.000000,-64.150000,-110.980000,2.700000,-5.100000,-71.990647,-67.473825,2.716666,-5.385373,1.000000,0.000000,-3.176524,6.296969
1.620102,-71.540000,-71.420000,1.100000,-7.300000,-0.100000,-15.600000,-64.090000,-111.090000,2.300000,-6.600000,-71.936308,-67.581543,2.311316,-6.855372,1.000000,0.000000,-2.816666,-10.214627
1.640100,-71.540000,-71.730000,0.700000,-9.700000,-0.100000,-15.200000,-64.050000,-111.220000,1.900000,-7.800000,-71.890087,-67.718637,1.965823,-8.050989,1.000000,0.000000,-2.411316,-8.344628
1.660107,-71.540000,-72.180000,0.400000,-13.400000,-0.100000,-22.300000,-64.010000,-111.380000,1.600000,-9.900000,-71.850756,-67.879713,1.670775,-10.086087,1.000000,0.000000,-2.065823,-14.249011
1.680108,-71.160000,-72.530000,5.900000,-14.700000,18.800000,-17.700000,-63.980000,-111.570000,4.100000,-11.000000,-71.817339,-68.081445,4.111407,-11.170944,1.000000,0.000000,17.129225,-7.613913
1.700108,-71.160000,-72.530000,4.100000,-10.300000,0.000000,0.000000,-63.890000,-111.790000,3.500000,-9.400000,-71.735111,-68.304864,3.526632,-9.582075,1.000000,0.000000,-4.111407,11.170944
1.720113,-71.160000,-72.530000,2.900000,-7.200000,0.000000,0.000000,-63.820000,-111.980000,3.000000,-8.100000,-71.664561,-68.496553,3.025667,-8.220924,1.000000,0.000000,-3.526632,9.582075
1.740110,-71.160000,-72.530000,2.000000,-5.000000,0.000000,0.000000,-63.760000,-112.150000,3.000000,-8.100000,-71.604057,-68.660947,3.025667,-8.220924,0.000000,0.000000,-3.025667,8.220924
1.760116,-71.160000,-72.530000,1.400000,-3.500000,0.000000,0.000000,-63.700000,-112.310000,2.500000,-6.800000,-71.543525,-68.825415,2.545311,-6.915767,1.000000,0.000000,-3.025667,8.220924
1.780114,-71.160000,-72.530000,1.000000,-2.400000,0.000000,0.000000,-63.650000,-112.450000,2.100000,-5.700000,-71.492624,-68.963716,2.153227,-5.850451,1.000000,0.000000,-2.545311,6.915767
1.800114,-71.020000,-72.330000,2.900000,1.300000,7.300000,10.200000,-63.610000,-112.560000,2.900000,-3.300000,-71.449559,-69.080725,2.928604,-3.432403,1.000000,0.000000,5.146773,16.050451
1.840118,-70.510000,-72.830000,7.400000,-7.400000,7.500000,-30.600000,-63.450000,-112.670000,5.500000,-6.200000,-71.332404,-69.218035,3.681990,-7.909742,1.000000,0.000000,4.571396,-27.167597
1.860116,-69.800000,-73.160000,15.800000,-10.100000,35.200000,-16.500000,-63.340000,-112.800000,9.800000,-7.700000,-71.258771,-69.376214,8.672712,-9.269967,1.000000,0.000000,31.518010,-8.590258
1.900123,-69.330000,-73.170000,12.700000,-5.000000,0.000000,0.000000,-62.900000,-113.080000,10.100000,-5.700000,-70.911802,-69.747078,7.197152,-7.692792,1.000000,0.000000,-8.672712,9.269967
1.920120,-69.330000,-73.170000,8.900000,-3.500000,0.000000,0.000000,-62.700000,-113.200000,8.600000,-4.800000,-70.767880,-69.900911,6.030452,-6.445746,1.000000,0.000000,-7.197152,7.692792
1.940121,-69.330000,-73.010000,6.200000,0.000000,0.000000,8.000000,-62.530000,-113.300000,7.400000,-3.000000,-70.647265,-70.029832,5.087099,-4.185976,1.000000,0.000000,-6.030452,14.445746
1.960121,-69.330000,-73.010000,4.300000,0.000000,0.000000,0.000000,-62.380000,-113.360000,6.300000,-2.600000,-70.545523,-70.113551,4.311960,-3.548144,1.000000,0.000000,-5.087099,4.185976
1.980127,-69.010000,-72.900000,7.800000,1.400000,15.800000,5.000000,-62.250000,-113.410000,7.700000,-1.500000,-70.459258,-70.184536,6.028881,-2.270599,1.000000,0.000000,11.488040,8.548144
2.000126,-69.080000,-73.410000,4.400000,-6.400000,-3.500000,-25.100000,-62.100000,-113.440000,6.100000,-4.800000,-70.338687,-70.229945,4.625002,-5.634028,1.000000,0.000000,-9.528881,-22.829401
2.020126,-69.090000,-74.110000,2.900000,-15.000000,-0.300000,-35.000000,-61.970000,-113.540000,5.200000,-9.100000,-70.246187,-70.342626,3.907023,-9.915075,1.000000,0.000000,-4.925002,-29.365972
2.040129,-68.390000,-74.490000,12.500000,-16.200000,34.800000,-18.800000,-61.870000,-113.720000,9.400000,-10.500000,-70.168035,-70.540957,8.375858,-11.200328,1.000000,0.000000,30.892977,-8.884925
2.060129,-67.870000,-74.490000,16.600000,-11.400000,26.100000,-0.200000,-61.680000,-113.930000,11.700000,-9.000000,-70.000517,-70.764964,10.925074,-9.618180,1.000000,0.000000,17.724142,11.000328
2.080128,-67.870000,-74.490000,11.600000,-7.900000,0.000000,0.000000,-61.440000,-114.110000,10.100000,-7.700000,-69.782027,-70.957318,9.360395,-8.240673,1.000000,0.000000,-10.925074,9.618180
2.120134,-67.870000,-74.490000,5.700000,-3.900000,0.000000,0.000000,-61.070000,-114.400000,7.400000,-5.700000,-69.407555,-71.286994,7.866587,-6.925559,1.000000,0.000000,-9.360395,8.240673
2.140137,-67.750000,-74.490000,5.700000,-2.700000,5.800000,0.000000,-60.920000,-114.520000,7.200000,-4.900000,-69.250199,-71.425526,7.547015,-5.854606,1.000000,0.000000,-2.066587,6.925559
2.160137,-67.410000,-74.390000,9.000000,-0.300000,16.800000,5.100000,-60.770000,-114.620000,8.500000,-3.500000,-69.099259,-71.542618,8.944982,-4.199553,1.000000,0.000000,9.252985,10.954606
2.180140,-66.850000,-74.500000,14.700000,-1.900000,27.800000,-5.700000,-60.600000,-114.690000,11.300000,-3.800000,-68.920333,-71.626622,11.745246,-4.422393,1.000000,0.000000,18.855018,-1.500447
2.200141,-66.230000,-74.640000,19.700000,-3.400000,31.400000,-6.800000,-60.380000,-114.760000,14.100000,-4.200000,-68.685416,-71.715074,14.627587,-4.771066,1.000000,0.000000,19.654754,-2.377607
2.220140,-65.680000,-74.930000,22.000000,-6.600000,27.400000,-14.200000,-60.090000,-114.850000,16.000000,-5.600000,-68.392879,-71.810491,16.483227,-6.140949,1.000000,0.000000,12.772413,-9.428934
2.240144,-65.680000,-74.930000,15.400000,-4.600000,0.000000,0.000000,-59.770000,-114.960000,13.700000,-4.800000,-68.063148,-71.933334,14.104828,-5.254859,1.000000,0.000000,-16.483227,6.140949
2.260143,-65.680000,-74.930000,10.800000,-3.200000,0.000000,0.000000,-59.500000,-115.060000,13.700000,-4.800000,-67.781066,-72.038426,14.104828,-5.254859,0.000000,0.000000,-14.104828,5.254859
2.280144,-65.680000,-75.070000,7.500000,-4.300000,0.000000,-6.900000,-59.220000,-115.160000,11.500000,-5.200000,-67.498955,-72.143528,11.843255,-5.518641,1.000000,0.000000,-14.104828,-1.645141
2.300144,-65.680000,-74.770000,5.300000,1.300000,0.100000,14.600000,-58.990000,-115.260000,9.800000,-2.100000,-67.262090,-72.253901,10.021024,-2.396780,1.000000,0.000000,-11.743255,20.118641
2.320148,-65.680000,-74.770000,3.700000,0.900000,0.000000,0.000000,-58.790000,-115.300000,8.300000,-1.800000,-67.061630,-72.301846,8.503126,-2.033736,1.000000,0.000000,-10.021024,2.396780
2.340148,-65.370000,-74.770000,7.200000,0.600000,15.400000,-0.100000,-58.630000,-115.340000,9.300000,-1.500000,-66.891567,-72.342521,9.529344,-1.746007,1.000000,0.000000,6.896874,1.933736
2.360150,-64.750000,-74.620000,14.300000,2.700000,30.800000,7.800000,-58.440000,-115.370000,12.500000,-0.100000,-66.700961,-72.377445,12.652994,-0.344151,1.000000,0.000000,21.270656,9.546007
2.380151,-63.840000,-74.720000,23.600000,0.400000,45.300000,-5.100000,-58.190000,-115.380000,17.200000,-0.900000,-66.447889,-72.384328,17.401037,-1.035822,1.000000,0.000000,32.647006,-4.755849
2.400151,-62.850000,-74.920000,31.300000,-2.700000,49.400000,-10.100000,-57.840000,-115.390000,21.900000,-2.200000,-66.099868,-72.405045,22.021655,-2.344680,1.000000,0.000000,31.998963,-9.064178
2.420154,-62.220000,-75.350000,31.400000,-8.300000,31.700000,-21.300000,-57.400000,-115.440000,23.300000,-4.900000,-65.659369,-72.451945,23.411871,-5.067459,1.000000,0.000000,9.678345,-18.955320
2.460155,-62.220000,-75.610000,15.400000,-8.000000,-0.100000,-13.200000,-56.540000,-115.620000,17.100000,-5.500000,-64.722870,-72.654649,19.652733,-6.367711,1.000000,0.000000,-23.511871,-8.132541
2.480155,-62.220000,-75.650000,10.700000,-6.200000,0.000000,-2.000000,-56.190000,-115.730000,14.600000,-5.000000,-64.329816,-72.782003,16.609592,-5.691389,1.000000,0.000000,-19.652733,4.367711
2.500156,-62.580000,-75.650000,2.200000,-4.300000,-17.700000,0.100000,-55.900000,-115.840000,10.000000,-4.300000,-63.997607,-72.895836,11.420836,-4.815538,1.000000,0.000000,-34.309592,5.791389
2.520158,-62.510000,-75.650000,2.500000,-3.000000,3.400000,0.000000,-55.700000,-115.920000,9.100000,-3.600000,-63.769168,-72.992157,10.228748,-4.099834,1.000000,0.000000,-8.020836,4.815538
2.560159,-61.500000,-75.770000,13.400000,-4.600000,17.700000,-21.700000,-55.270000,-116.010000,13.200000,-3.800000,-63.360008,-73.156154,11.449432,-6.975422,1.000000,0.000000,7.471252,-17.600166
2.580162,-61.510000,-76.490000,9.300000,-14.000000,-0.300000,-36.000000,-55.000000,-116.090000,11.200000,-8.400000,-63.130985,-73.295684,9.600753,-11.542206,1.000000,0.000000,-11.749432,-29.024578
2.600164,-60.900000,-77.040000,15.500000,-18.000000,30.200000,-27.300000,-54.780000,-116.260000,13.900000,-11.100000,-62.938950,-73.526551,12.753030,-13.953602,1.000000,0.000000,20.599247,-15.757794
2.620165,-60.900000,-77.040000,10.900000,-12.600000,0.000000,0.000000,-54.500000,-116.480000,12.000000,-9.500000,-62.683877,-73.805637,10.841065,-11.861644,1.000000,0.000000,-12.753030,13.953602
2.640164,-61.160000,-77.030000,3.700000,-8.800000,-13.000000,0.100000,-54.260000,-116.670000,8.400000,-8.100000,-62.467067,-74.042858,7.320453,-10.095267,1.000000,0.000000,-23.841065,11.961644
2.660167,-61.460000,-77.130000,-1.800000,-7.600000,-14.600000,-4.800000,-54.090000,-116.840000,5.100000,-7.700000,-62.320636,-74.244793,4.119320,-9.321977,1.000000,0.000000,-21.920453,5.295267
2.680170,-61.460000,-77.130000,-1.200000,-5.300000,0.000000,0.000000,-53.980000,-116.990000,4.400000,-6.600000,-62.238237,-74.431261,3.522680,-7.971788,1.000000,0.000000,-4.119320,9.321977
2.700168,-61.260000,-77.130000,2.100000,-3.700000,10.000000,0.000000,-53.890000,-117.120000,5.200000,-5.600000,-62.167790,-74.590681,4.455158,-6.824166,1.000000,0.000000,6.477320,7.971788
2.720172,-61.200000,-77.400000,2.300000,-6.500000,2.800000,-13.100000,-53.790000,-117.240000,4.900000,-6.700000,-62.078669,-74.727191,4.217939,-7.723625,1.000000,0.000000,-1.655158,-6.275834
2.740169,-61.200000,-77.880000,1.500000,-11.800000,-0.200000,-24.000000,-53.690000,-117.370000,4.100000,-9.100000,-61.994323,-74.881641,3.586856,-10.048633,1.000000,0.000000,-4.417939,-16.276375
2.760176,-60.890000,-78.530000,5.800000,-18.000000,15.700000,-32.600000,-53.610000,-117.550000,5.800000,-12.500000,-61.922561,-75.082684,5.313035,-13.262307,1.000000,0.000000,12.113144,-22.551367
2.780169,-60.890000,-78.530000,4.000000,-12.600000,0.000000,0.000000,-53.490000,-117.800000,5.800000,-12.500000,-61.816337,-75.347837,5.313035,-13.262307,0.000000,0.000000,-5.313035,13.262307
2.800179,-60.900000,-79.110000,2.700000,-17.500000,-0.300000,-28.900000,-53.380000,-118.050000,4.800000,-15.100000,-61.710024,-75.613216,4.420109,-15.749963,1.000000,0.000000,-5.613035,-15.637693
2.820173,-60.850000,-79.110000,2.600000,-12.200000,2.300000,0.000000,-53.280000,-118.360000,4.400000,-12.700000,-61.621648,-75.928121,4.093045,-13.320254,1.000000,0.000000,-2.120109,15.749963
2.840180,-61.290000,-79.070000,-4.700000,-7.900000,-22.000000,2.200000,-53.190000,-118.610000,0.400000,-10.500000,-61.539758,-76.194619,0.157646,-10.979462,1.000000,0.000000,-26.093045,15.520254
2.860177,-61.290000,-78.790000,-3.200000,-1.400000,0.100000,13.600000,-53.180000,-118.820000,0.400000,-6.900000,-61.536606,-76.414175,0.149096,-7.333807,1.000000,0.000000,-0.057646,24.579462
2.880181,-61.290000,-78.790000,-2.300000,-1.000000,0.000000,0.000000,-53.170000,-118.960000,0.300000,-5.900000,-61.533623,-76.560881,0.127252,-6.259334,1.000000,0.000000,-0.149096,7.333807
2.900179,-60.780000,-78.800000,6.000000,-0.700000,25.400000,-0.200000,-53.160000,-119.080000,3.900000,-5.100000,-61.531079,-76.686055,3.796416,-5.379624,1.000000,0.000000,25.272748,6.059334
2.920184,-60.550000,-79.240000,7.500000,-7.100000,11.200000,-22.000000,-53.080000,-119.180000,5.000000,-7.500000,-61.455131,-76.793674,4.864145,-7.776580,1.000000,0.000000,7.403584,-16.620376
2.940181,-60.560000,-80.060000,5.100000,-17.300000,-0.400000,-41.100000,-52.980000,-119.330000,4.200000,-12.300000,-61.357863,-76.949182,4.108720,-12.558624,1.000000,0.000000,-5.264145,-33.323420
2.960186,-59.890000,-80.640000,13.600000,-20.800000,33.500000,-28.900000,-52.900000,-119.580000,8.400000,-14.700000,-61.275668,-77.200418,8.311284,-14.895225,1.000000,0.000000,29.391280,-16.341376
2.980185,-59.890000,-80.640000,9.500000,-14.500000,0.000000,0.000000,-52.730000,-119.880000,7.200000,-12.600000,-61.109451,-77.498307,7.126082,-12.771142,1.000000,0.000000,-8.311284,14.895225
3.000191,-60.320000,-80.640000,0.300000,-10.100000,-21.200000,0.200000,-52.590000,-120.130000,3.100000,-10.800000,-60.966886,-77.753807,3.094590,-10.925032,1.000000,0.000000,-28.326082,12.971142
3.020188,-60.780000,-80.410000,-6.600000,-3.700000,-23.000000,11.200000,-52.520000,-120.350000,-0.500000,-7.600000,-60.905004,-77.972275,-0.613781,-7.780786,1.000000,0.000000,-26.094590,22.125032
3.040193,-60.770000,-80.110000,-4.600000,1.900000,0.100000,15.000000,-52.530000,-120.500000,-0.400000,-4.400000,-60.917282,-78.127929,-0.512450,-4.546742,1.000000,0.000000,0.713781,22.780786
3.060191,-60.770000,-80.110000,-3.200000,1.300000,0.000000,0.000000,-52.540000,-120.590000,-0.300000,-3.800000,-60.927530,-78.218855,-0.439760,-3.901796,1.000000,0.000000,0.512450,4.546742
3.080194,-60.290000,-79.790000,4.900000,5.600000,24.100000,15.700000,-52.550000,-120.660000,3.000000,-1.000000,-60.936327,-78.296903,3.039169,-1.122908,1.000000,0.000000,24.539760,19.601796
3.100194,-60.180000,-80.220000,5.100000,-2.400000,5.600000,-21.500000,-52.490000,-120.690000,3.400000,-3.900000,-60.875544,-78.319361,3.402051,-4.010440,1.000000,0.000000,2.560831,-20.377092
3.120197,-59.620000,-80.640000,12.000000,-8.000000,28.100000,-20.900000,-52.420000,-120.760000,6.900000,-6.300000,-60.807492,-78.399582,6.900802,-6.403042,1.000000,0.000000,24.697949,-16.889560
3.140196,-59.620000,-80.640000,8.400000,-5.600000,0.000000,0.000000,-52.280000,-120.890000,5.900000,-5.400000,-60.669483,-78.527636,5.923467,-5.496203,1.000000,0.000000,-6.900802,6.403042
3.160198,-59.550000,-80.640000,6.900000,-3.900000,3.400000,0.000000,-52.160000,-121.000000,5.600000,-4.600000,-60.551002,-78.637571,5.566137,-4.717925,1.000000,0.000000,-2.523467,5.496203
3.180199,-59.540000,-80.470000,4.800000,-0.100000,0.100000,8.700000,-52.050000,-121.090000,4.800000,-2.700000,-60.439674,-78.731934,4.792215,-2.818151,1.000000,0.000000,-5.466137,13.417925
3.200206,-59.810000,-80.090000,-0.500000,5.600000,-13.100000,19.100000,-51.950000,-121.150000,2.200000,0.300000,-60.343796,-78.788317,2.259097,0.284946,1.000000,0.000000,-17.892215,21.918151
3.220204,-59.800000,-79.820000,-0.200000,7.800000,0.100000,13.000000,-51.900000,-121.140000,1.900000,2.100000,-60.298618,-78.782619,1.953449,2.084924,1.000000,0.000000,-2.159097,12.715054
3.240204,-59.840000,-79.820000,-0.700000,5.500000,-1.700000,0.000000,-51.860000,-121.100000,1.400000,1.800000,-60.259549,-78.740920,1.436287,1.789794,1.000000,0.000000,-3.653449,-2.084924
3.260205,-59.550000,-79.830000,3.700000,3.800000,14.200000,-0.200000,-51.840000,-121.060000,3.200000,1.500000,-60.230822,-78.705123,3.242978,1.508141,1.000000,0.000000,12.763713,-1.989794
3.280210,-59.040000,-79.840000,10.200000,2.500000,25.300000,-0.300000,-51.770000,-121.030000,6.400000,1.200000,-60.165947,-78.674952,6.365117,1.252201,1.000000,0.000000,22.057022,-1.808141
3.300210,-59.040000,-79.840000,7.100000,1.700000,0.000000,0.000000,-51.640000,-121.010000,6.400000,1.200000,-60.038644,-78.649908,6.365117,1.252201,0.000000,0.000000,-6.365117,-1.252201
3.320209,-58.560000,-79.840000,12.200000,1.100000,24.100000,-0.300000,-51.510000,-120.980000,9.200000,1.000000,-59.911348,-78.624865,9.174336,1.006331,1.000000,0.000000,17.734883,-1.552201
3.340211,-58.560000,-79.840000,8.500000,0.800000,0.000000,0.000000,-51.330000,-120.960000,7.800000,0.800000,-59.727843,-78.604737,7.763436,0.851570,1.000000,0.000000,-9.174336,-1.006331
3.360211,-58.550000,-79.280000,6.100000,8.900000,0.400000,28.000000,-51.170000,-120.940000,6.600000,4.900000,-59.572574,-78.587705,6.655463,4.936584,1.000000,0.000000,-7.363436,27.148430
3.400215,-58.980000,-78.210000,-3.400000,17.600000,-21.800000,22.500000,-50.920000,-120.670000,1.700000,10.800000,-59.306329,-78.390222,1.969517,7.828866,1.000000,0.000000,-28.455463,17.563416
3.440219,-58.710000,-78.220000,2.300000,8.500000,13.600000,-0.200000,-50.860000,-120.270000,3.200000,7.800000,-59.227541,-78.077036,3.998726,6.428043,1.000000,0.000000,11.630483,-8.028866
3.460218,-58.290000,-78.220000,7.900000,5.900000,20.800000,-0.300000,-50.800000,-120.110000,5.700000,6.600000,-59.147570,-77.948482,6.773286,5.316975,1.000000,0.000000,16.801274,-6.728043
3.480218,-57.810000,-78.230000,12.700000,4.000000,23.900000,-0.300000,-50.680000,-119.980000,8.300000,5.600000,-59.012104,-77.842142,9.489314,4.426211,1.000000,0.000000,17.126714,-5.616975
3.500219,-57.810000,-78.230000,8.900000,2.800000,0.000000,0.000000,-50.510000,-119.860000,7.100000,4.800000,-58.822309,-77.753614,8.028736,3.744936,1.000000,0.000000,-9.489314,-4.426211
3.520222,-57.260000,-77.850000,14.400000,7.700000,27.300000,19.200000,-50.370000,-119.770000,10.000000,6.900000,-58.661710,-77.678704,10.930341,6.071949,1.000000,0.000000,19.271264,15.455064
3.540224,-57.250000,-77.240000,10.200000,14.400000,0.500000,30.000000,-50.170000,-119.630000,8.600000,10.200000,-58.443081,-77.557253,9.385188,9.616655,1.000000,0.000000,-10.430341,23.928051
3.560224,-57.100000,-76.600000,9.400000,19.700000,7.400000,32.100000,-50.000000,-119.420000,8.500000,13.300000,-58.255377,-77.364920,9.094608,12.907637,1.000000,0.000000,-1.985188,22.483345
3.580225,-57.100000,-76.230000,6.600000,19.300000,0.300000,18.500000,-49.830000,-119.160000,7.300000,14.000000,-58.073476,-77.106754,7.818631,13.719012,1.000000,0.000000,-8.794608,5.592363
3.600226,-57.220000,-76.230000,2.800000,13.500000,-6.100000,0.100000,-49.680000,-118.880000,5.400000,12.000000,-57.917096,-76.832360,5.812344,11.755914,1.000000,0.000000,-13.918631,-13.619012
3.640228,-56.500000,-76.240000,11.000000,6.400000,22.600000,-0.300000,-49.440000,-118.430000,8.800000,8.800000,-57.684590,-76.362100,8.502357,9.824104,1.000000,0.000000,16.787656,-12.055914
3.660231,-56.170000,-76.250000,12.600000,4.400000,16.200000,-0.200000,-49.260000,-118.250000,9.900000,7.500000,-57.514518,-76.165588,9.696275,8.269348,1.000000,0.000000,7.697643,-10.024104
3.680229,-56.180000,-76.530000,8.700000,-1.000000,-0.200000,-14.000000,-49.060000,-118.100000,8.400000,4.400000,-57.320612,-76.000218,8.197828,4.897429,1.000000,0.000000,-9.896275,-22.269348
3.700233,-55.780000,-76.260000,12.000000,3.200000,19.700000,13.500000,-48.890000,-118.010000,10.000000,5.700000,-57.156622,-75.902250,9.908861,6.177125,1.000000,0.000000,11.502172,8.602571
3.720234,-55.470000,-75.770000,13.000000,9.600000,15.300000,24.300000,-48.690000,-117.900000,10.800000,8.300000,-56.958435,-75.778701,10.700413,8.838009,1.000000,0.000000,5.391139,18.122875
3.740239,-55.470000,-75.410000,9.200000,12.000000,0.300000,17.800000,-48.470000,-117.730000,9.300000,9.700000,-56.744373,-75.601897,9.187998,10.141251,1.000000,0.000000,-10.400413,8.961991
3.760239,-55.470000,-75.410000,6.400000,8.400000,0.000000,0.000000,-48.290000,-117.530000,8.000000,8.300000,-56.560613,-75.399072,7.861374,8.676990,1.000000,0.000000,-9.187998,-10.141251
3.780238,-55.100000,-75.420000,10.000000,5.800000,18.500000,-0.300000,-48.130000,-117.370000,9.500000,7.100000,-56.403394,-75.225541,9.389394,7.387631,1.000000,0.000000,10.638626,-8.976990
3.800239,-54.740000,-75.430000,12.400000,3.900000,17.800000,-0.300000,-47.940000,-117.220000,10.600000,6.000000,-56.215597,-75.077781,10.592745,6.287719,1.000000,0.000000,8.410606,-7.687631
3.820238,-54.740000,-75.430000,8.700000,2.700000,0.000000,0.000000,-47.720000,-117.100000,10.600000,6.000000,-56.003752,-74.952033,10.592745,6.287719,0.000000,0.000000,-10.592745,-6.287719
3.840242,-54.410000,-75.430000,11.000000,1.800000,16.300000,-0.200000,-47.510000,-116.980000,11.500000,5.000000,-55.791855,-74.826253,11.502962,5.253031,1.000000,0.000000,5.707255,-6.487719
3.860245,-54.410000,-75.430000,7.700000,1.300000,0.000000,0.000000,-47.280000,-116.880000,9.800000,4.200000,-55.561761,-74.721177,9.725023,4.441104,1.000000,0.000000,-11.502962,-5.253031
3.900246,-54.610000,-75.280000,0.800000,3.100000,-9.600000,10.600000,-46.920000,-116.730000,5.600000,4.200000,-55.172751,-74.543528,6.487677,5.472848,1.000000,0.000000,-19.325023,6.158896
3.920249,-54.600000,-75.030000,0.600000,5.900000,0.200000,12.600000,-46.800000,-116.650000,4.800000,5.400000,-55.042978,-74.434055,5.479957,6.615110,1.000000,0.000000,-6.287677,7.127152
3.940250,-54.590000,-74.560000,0.600000,11.200000,0.400000,23.400000,-46.700000,-116.540000,4.200000,8.000000,-54.933373,-74.301746,4.691941,9.218826,1.000000,0.000000,-5.079957,16.784890
3.960249,-54.590000,-74.560000,0.400000,7.800000,0.000000,0.000000,-46.620000,-116.380000,3.600000,6.900000,-54.839539,-74.117379,3.981435,7.822808,1.000000,0.000000,-4.691941,-9.218826
3.980250,-54.270000,-74.570000,5.000000,5.400000,15.900000,-0.200000,-46.550000,-116.240000,5.300000,5.800000,-54.759906,-73.960915,5.754517,6.629284,1.000000,0.000000,11.918565,-8.022808
4.000250,-53.900000,-74.740000,9.100000,1.200000,18.800000,-8.600000,-46.440000,-116.120000,7.300000,3.800000,-54.644816,-73.828329,7.669989,4.393164,1.000000,0.000000,13.045483,-15.229284
4.020251,-53.900000,-74.740000,6.400000,0.800000,0.000000,0.000000,-46.290000,-116.040000,6.200000,3.200000,-54.491408,-73.740461,6.554623,3.754313,1.000000,0.000000,-7.669989,-4.393164
4.040252,-53.900000,-74.740000,4.500000,0.500000,0.000000,0.000000,-46.170000,-115.980000,5.300000,2.800000,-54.360309,-73.665371,5.608214,3.212235,1.000000,0.000000,-6.554623,-3.754313
4.060257,-53.760000,-74.740000,5.200000,0.300000,6.800000,-0.100000,-46.060000,-115.920000,5.500000,2.300000,-54.248117,-73.601110,5.779397,2.736480,1.000000,0.000000,1.191786,-3.312235
4.080257,-53.980000,-74.630000,0.200000,1.900000,-11.100000,5.400000,-45.950000,-115.870000,3.100000,2.800000,-54.132529,-73.546381,3.364308,3.117574,1.000000,0.000000,-16.879397,2.663520
4.100256,-54.260000,-74.630000,-3.900000,1.400000,-13.800000,0.200000,-45.890000,-115.820000,0.700000,2.400000,-54.065246,-73.484032,0.915485,2.701326,1.000000,0.000000,-17.164308,-2.917574
4.120259,-54.260000,-74.630000,-2.700000,0.900000,0.000000,0.000000,-45.870000,-115.770000,0.600000,2.100000,-54.046934,-73.429998,0.785146,2.316733,1.000000,0.000000,-0.915485,-2.701326
4.140259,-54.300000,-74.450000,-2.400000,3.300000,-1.600000,8.900000,-45.860000,-115.730000,0.300000,3.000000,-54.031231,-73.383663,0.446097,3.252545,1.000000,0.000000,-2.385146,6.583267
4.160265,-53.900000,-74.350000,4.100000,3.900000,19.500000,5.200000,-45.850000,-115.660000,3.000000,3.300000,-54.022306,-73.318593,3.151600,3.529068,1.000000,0.000000,19.053903,1.947455
4.180263,-53.530000,-74.590000,8.500000,-0.800000,18.800000,-12.100000,-45.790000,-115.600000,5.200000,1.100000,-53.959281,-73.248018,5.371621,1.311790,1.000000,0.000000,15.648400,-15.629068
4.220266,-53.530000,-74.590000,4.100000,-0.400000,0.000000,0.000000,-45.590000,-115.550000,3.800000,0.800000,-53.744400,-73.195543,4.519516,1.103699,1.000000,0.000000,-5.371621,-1.311790
4.240269,-53.740000,-74.580000,-0.200000,-0.200000,-10.700000,0.200000,-45.520000,-115.530000,1.800000,0.700000,-53.653996,-73.173466,2.176422,0.964572,1.000000,0.000000,-15.219516,-0.903699
4.260269,-53.990000,-74.490000,-3.900000,1.200000,-12.500000,4.700000,-45.480000,-115.520000,-0.200000,1.300000,-53.610467,-73.154174,-0.033687,1.527087,1.000000,0.000000,-14.676422,3.735428
4.280271,-54.260000,-74.480000,-6.600000,0.900000,-13.000000,0.200000,-45.480000,-115.490000,-2.000000,1.200000,-53.611141,-73.123629,-1.954733,1.330470,1.000000,0.000000,-12.966313,-1.327087
4.300273,-54.260000,-74.480000,-4.600000,0.600000,0.000000,0.000000,-45.520000,-115.470000,-1.700000,1.000000,-53.650240,-73.097017,-1.668584,1.135705,1.000000,0.000000,1.954733,-1.330470
4.320268,-54.140000,-74.340000,-1.500000,2.500000,5.600000,6.900000,-45.560000,-115.450000,-0.600000,1.800000,-53.683603,-73.074309,-0.613976,1.972054,1.000000,0.000000,7.268584,5.764295
4.340271,-54.140000,-74.340000,-1.100000,1.700000,0.000000,0.000000,-45.570000,-115.410000,-0.600000,1.800000,-53.695884,-73.034862,-0.613976,1.972054,0.000000,0.000000,0.613976,-1.972054
4.360269,-53.700000,-74.350000,5.800000,1.000000,22.000000,-0.500000,-45.590000,-115.370000,2.900000,1.400000,-53.708163,-72.995425,3.024708,1.574290,1.000000,0.000000,22.613976,-2.472054
4.380278,-53.260000,-74.700000,10.700000,-4.400000,22.000000,-17.300000,-45.530000,-115.340000,5.800000,-1.400000,-53.647641,-72.963925,5.976928,-1.362216,1.000000,0.000000,18.975292,-18.874290
4.400272,-53.260000,-74.700000,7.400000,-3.100000,0.000000,0.000000,-45.410000,-115.370000,4.900000,-1.100000,-53.528139,-72.991161,5.069882,-1.155489,1.000000,0.000000,-5.976928,1.362216
4.420280,-53.090000,-74.710000,7.700000,-2.200000,8.400000,-0.200000,-45.310000,-115.390000,5.400000,-1.000000,-53.426700,-73.014280,5.566099,-1.013112,1.000000,0.000000,3.330118,0.955489
4.440275,-53.430000,-74.700000,0.300000,-1.400000,-16.800000,0.400000,-45.200000,-115.420000,2.200000,-0.800000,-53.315406,-73.034537,2.278225,-0.805381,1.000000,0.000000,-22.366099,1.413112
4.460281,-53.860000,-74.690000,-6.200000,-0.800000,-21.500000,0.500000,-45.160000,-115.430000,-1.200000,-0.600000,-53.269828,-73.050650,-1.182685,-0.615384,1.000000,0.000000,-23.778225,1.305381
4.480274,-53.860000,-74.690000,-4.300000,-0.500000,0.000000,0.000000,-45.180000,-115.450000,-1.000000,-0.500000,-53.293474,-73.062953,-1.011815,-0.526475,1.000000,0.000000,1.182685,0.615384
4.500284,-54.050000,-74.680000,-5.800000,-0.300000,-9.400000,0.200000,-45.200000,-115.460000,-2.200000,-0.400000,-53.313720,-73.073488,-2.217236,-0.422077,1.000000,0.000000,-8.388185,0.726475
4.520279,-54.060000,-75.070000,-4.200000,-6.100000,-0.500000,-19.600000,-45.250000,-115.460000,-2.000000,-3.100000,-53.358054,-73.081927,-1.971456,-3.166928,1.000000,0.000000,1.717236,-19.177923
4.540286,-54.070000,-75.610000,-3.200000,-12.300000,-0.600000,-26.700000,-45.290000,-115.530000,-1.800000,-6.500000,-53.397497,-73.145288,-1.775735,-6.525344,1.000000,0.000000,1.371456,-23.533072
4.560283,-54.080000,-75.990000,-2.300000,-14.300000,-0.400000,-18.900000,-45.320000,-115.660000,-1.600000,-8.300000,-53.433006,-73.275775,-1.579834,-8.287454,1.000000,0.000000,1.375735,-12.374656
4.580288,-54.080000,-75.990000,-1.600000,-10.000000,0.000000,0.000000,-45.360000,-115.830000,-1.400000,-7.100000,-53.464610,-73.441566,-1.355225,-7.109204,1.000000,0.000000,1.579834,8.287454
4.600290,-54.120000,-75.990000,-1.700000,-6.900000,-1.800000,0.000000,-45.390000,-115.970000,-1.400000,-6.100000,-53.491718,-73.583764,-1.418385,-6.099659,1.000000,0.000000,-0.444775,7.109204
4.620288,-54.300000,-75.980000,-3.900000,-4.800000,-9.100000,0.200000,-45.420000,-116.090000,-2.500000,-5.200000,-53.520083,-73.705745,-2.508243,-5.205872,1.000000,0.000000,-7.681615,6.299659
4.660292,-54.530000,-75.750000,-4.200000,1.000000,0.300000,11.100000,-45.540000,-116.280000,-3.200000,-2.200000,-53.620422,-73.914001,-2.062747,-2.619130,1.000000,0.000000,2.808243,16.305872
4.680294,-54.540000,-76.270000,-3.200000,-7.000000,-0.700000,-25.800000,-45.610000,-116.330000,-2.800000,-5.500000,-53.661681,-73.966389,-1.852941,-6.188009,1.000000,0.000000,1.362747,-23.180870
4.700295,-54.560000,-76.860000,-2.400000,-13.800000,-0.800000,-29.700000,-45.670000,-116.440000,-2.500000,-8.900000,-53.698742,-74.090155,-1.694375,-9.728759,1.000000,0.000000,1.052941,-23.511991
4.720297,-54.730000,-77.410000,-4.300000,-17.800000,-8.600000,-27.200000,-45.720000,-116.620000,-3.400000,-11.500000,-53.732633,-74.284750,-2.717511,-12.317294,1.000000,0.000000,-6.905625,-17.471241
4.740298,-54.740000,-77.720000,-3.100000,-17.100000,-0.400000,-15.500000,-45.790000,-116.850000,-3.000000,-12.100000,-53.786986,-74.531108,-2.378252,-12.783208,1.000000,0.000000,2.317511,-3.182706
4.760297,-54.750000,-78.120000,-2.300000,-17.900000,-0.500000,-19.800000,-45.850000,-117.090000,-2.600000,-13.200000,-53.834549,-74.786759,-2.105726,-13.801314,1.000000,0.000000,1.878252,-7.016792
4.780300,-54.750000,-78.120000,-1.600000,-12.500000,0.000000,0.000000,-45.900000,-117.360000,-2.200000,-11.300000,-53.876669,-75.062827,-1.802180,-11.811820,1.000000,0.000000,2.105726,13.801314
4.800302,-55.020000,-78.110000,-5.200000,-8.600000,-13.600000,0.400000,-45.950000,-117.580000,-3.900000,-9.600000,-53.912717,-75.299087,-3.494699,-10.059909,1.000000,0.000000,-11.797820,12.211820
4.840303,-55.320000,-78.320000,-6.900000,-7.400000,-14.600000,-10.700000,-46.090000,-117.940000,-4.900000,-8.600000,-54.052508,-75.701493,-5.268819,-10.162166,1.000000,0.000000,-11.105301,-0.640091
4.860306,-55.320000,-78.320000,-4.800000,-5.200000,0.000000,0.000000,-46.190000,-118.120000,-4.900000,-8.600000,-54.157900,-75.904767,-5.268819,-10.162166,0.000000,0.000000,5.268819,10.162166
4.880307,-55.160000,-78.510000,-1.100000,-6.300000,7.700000,-9.000000,-46.290000,-118.290000,-2.900000,-8.700000,-54.263282,-76.108021,-3.049787,-9.963314,1.000000,0.000000,12.968819,1.162166
4.900306,-54.920000,-78.800000,2.800000,-8.800000,11.900000,-14.400000,-46.350000,-118.460000,-0.600000,-9.600000,-54.324275,-76.307277,-0.616175,-10.685543,1.000000,0.000000,14.949787,-4.436686
4.920310,-54.930000,-79.060000,1.800000,-10.100000,-0.400000,-13.100000,-46.360000,-118.660000,-0.600000,-10.100000,-54.336600,-76.521030,-0.582253,-11.064414,1.000000,0.000000,0.216175,-2.414457
4.940310,-54.930000,-79.060000,1.200000,-7.000000,0.000000,0.000000,-46.370000,-118.860000,-0.500000,-8.600000,-54.348246,-76.742319,-0.493330,-9.374628,1.000000,0.000000,0.582253,11.064414
4.960313,-54.930000,-79.060000,0.900000,-4.900000,0.000000,0.000000,-46.380000,-119.030000,-0.400000,-7.300000,-54.358114,-76.929839,-0.419477,-7.971220,1.000000,0.000000,0.493330,9.374628
5.000315,-55.180000,-79.050000,-2.100000,-2.300000,0.000000,0.000000,-46.440000,-119.310000,-1.800000,-5.300000,-54.374894,-77.248704,-0.350624,-6.662828,1.000000,0.000000,0.419477,7.971220
5.020316,-55.180000,-79.050000,-1.500000,-1.600000,0.000000,0.000000,-46.470000,-119.410000,-1.600000,-4.500000,-54.381906,-77.381967,-0.295269,-5.610926,1.000000,0.000000,0.350624,6.662828
5.040319,-55.180000,-79.050000,-1.000000,-1.100000,0.000000,0.000000,-46.510000,-119.500000,-1.300000,-3.900000,-54.387813,-77.494203,-0.249971,-4.750138,1.000000,0.000000,0.295269,5.610926
5.060317,-55.190000,-79.400000,-0.900000,-6.000000,-0.500000,-17.400000,-46.530000,-119.580000,-1.200000,-5.800000,-54.392812,-77.589196,-0.287525,-6.650113,1.000000,0.000000,-0.250029,-12.649862
5.080318,-55.200000,-79.540000,-0.700000,-6.300000,-0.200000,-6.900000,-46.560000,-119.700000,-1.100000,-6.000000,-54.398562,-77.722205,-0.274582,-6.687064,1.000000,0.000000,0.087525,-0.249887
5.100321,-55.200000,-79.810000,-0.600000,-8.400000,-0.400000,-13.500000,-46.580000,-119.820000,-1.000000,-7.000000,-54.404055,-77.855966,-0.292916,-7.682985,1.000000,0.000000,-0.125418,-6.812936
5.120319,-55.200000,-79.810000,-0.400000,-5.900000,0.000000,0.000000,-46.600000,-119.960000,-0.800000,-6.000000,-54.409913,-78.009611,-0.250460,-6.569395,1.000000,0.000000,0.292916,7.682985
5.140323,-55.200000,-79.810000,-0.300000,-4.100000,0.000000,0.000000,-46.620000,-120.080000,-0.700000,-5.200000,-54.414923,-78.141025,-0.214384,-5.623132,1.000000,0.000000,0.250460,6.569395
5.160327,-55.200000,-79.810000,-0.200000,-2.900000,0.000000,0.000000,-46.630000,-120.190000,-0.600000,-4.400000,-54.419211,-78.253510,-0.183645,-4.816886,1.000000,0.000000,0.214384,5.623132
5.180328,-55.200000,-79.810000,-0.100000,-2.000000,0.000000,0.000000,-46.650000,-120.280000,-0.500000,-3.800000,-54.422884,-78.349852,-0.157404,-4.128589,1.000000,0.000000,0.183645,4.816886
5.200326,-55.200000,-79.810000,-0.100000,-1.400000,0.000000,0.000000,-46.660000,-120.350000,-0.400000,-3.200000,-54.426032,-78.432416,-0.134969,-3.540136,1.000000,0.000000,0.157404,4.128589
5.220330,-55.200000,-79.810000,0.000000,-0.900000,0.000000,0.000000,-46.670000,-120.420000,-0.400000,-2.800000,-54.428732,-78.503233,-0.115767,-3.036477,1.000000,0.000000,0.134969,3.540136
5.260332,-55.220000,-80.180000,-0.100000,-5.200000,-0.300000,-10.200000,-46.680000,-120.550000,-0.300000,-4.500000,-54.433363,-78.624698,-0.145044,-4.174866,1.000000,0.000000,-0.184233,-7.163523
5.280332,-55.230000,-80.420000,-0.200000,-7.300000,-0.400000,-12.100000,-46.690000,-120.640000,-0.300000,-5.600000,-54.436264,-78.708195,-0.184346,-5.396555,1.000000,0.000000,-0.254956,-7.925134
5.300334,-55.230000,-80.670000,-0.300000,-8.800000,-0.400000,-12.300000,-46.700000,-120.750000,-0.300000,-6.500000,-54.439951,-78.816137,-0.216853,-6.437149,1.000000,0.000000,-0.215654,-6.903445
5.320333,-55.240000,-80.950000,-0.300000,-10.300000,-0.400000,-13.900000,-46.710000,-120.880000,-0.300000,-7.600000,-54.444288,-78.944874,-0.244006,-7.543594,1.000000,0.000000,-0.183147,-7.462851
5.340334,-55.240000,-80.950000,-0.200000,-7.200000,0.000000,0.000000,-46.710000,-121.030000,-0.300000,-6.500000,-54.449168,-79.095753,-0.208269,-6.438740,1.000000,0.000000,0.244006,7.543594
5.380338,-55.240000,-80.950000,-0.100000,-3.500000,0.000000,0.000000,-46.730000,-121.280000,-0.200000,-5.600000,-54.457500,-79.353329,-0.208269,-6.438740,0.000000,0.000000,0.208269,6.438740
5.400340,-55.240000,-80.950000,0.000000,-2.400000,0.000000,0.000000,-46.730000,-121.390000,-0.200000,-4.700000,-54.461666,-79.482116,-0.171207,-5.292972,1.000000,0.000000,0.208269,6.438740
5.420340,-55.090000,-80.950000,2.300000,-1.800000,7.800000,-0.200000,-46.740000,-121.480000,1.000000,-4.000000,-54.465090,-79.587976,1.164418,-4.439613,1.000000,0.000000,7.971207,5.092972
5.440343,-55.090000,-80.950000,1.600000,-1.200000,0.000000,0.000000,-46.720000,-121.560000,0.800000,-3.400000,-54.441798,-79.676781,0.977769,-3.727969,1.000000,0.000000,-1.164418,4.439613
5.460343,-55.090000,-80.950000,1.100000,-0.800000,0.000000,0.000000,-46.700000,-121.630000,0.700000,-2.900000,-54.422243,-79.751341,0.826078,-3.149614,1.000000,0.000000,-0.977769,3.727969
5.480349,-54.950000,-80.960000,2.800000,-0.600000,6.900000,-0.200000,-46.690000,-121.690000,1.600000,-2.500000,-54.405716,-79.814352,1.745969,-2.702897,1.000000,0.000000,6.073922,2.949614
5.500346,-54.950000,-80.960000,2.000000,-0.400000,0.000000,0.000000,-46.650000,-121.740000,1.300000,-2.100000,-54.370802,-79.868402,1.486211,-2.300771,1.000000,0.000000,-1.745969,2.702897
5.520346,-54.950000,-80.960000,1.400000,-0.300000,0.000000,0.000000,-46.630000,-121.790000,1.100000,-1.800000,-54.341078,-79.914417,1.267979,-1.962932,1.000000,0.000000,-1.486211,2.300771
5.540348,-54.950000,-80.960000,0.900000,-0.200000,0.000000,0.000000,-46.600000,-121.820000,1.000000,-1.500000,-54.315716,-79.953680,1.083583,-1.677471,1.000000,0.000000,-1.267979,1.962932
5.560347,-54.850000,-80.960000,2.100000,-0.200000,5.000000,-0.100000,-46.580000,-121.850000,1.500000,-1.300000,-54.294045,-79.987227,1.649077,-1.449699,1.000000,0.000000,3.916417,1.577471
5.580353,-54.850000,-80.960000,1.500000,-0.100000,0.000000,0.000000,-46.550000,-121.880000,1.300000,-1.100000,-54.261054,-80.016230,1.412206,-1.241467,1.000000,0.000000,-1.649077,1.449699
5.620354,-54.730000,-80.960000,2.400000,-0.100000,5.700000,-0.100000,-46.500000,-121.930000,1.800000,-0.800000,-54.204564,-80.065890,2.097739,-1.058969,1.000000,0.000000,4.287794,1.141467
5.640354,-54.730000,-80.960000,1.700000,0.000000,0.000000,0.000000,-46.460000,-121.940000,1.500000,-0.700000,-54.162609,-80.087069,1.772917,-0.894994,1.000000,0.000000,-2.097739,1.058969
5.660355,-54.730000,-80.960000,1.200000,0.000000,0.000000,0.000000,-46.430000,-121.960000,1.300000,-0.600000,-54.127149,-80.104970,1.504795,-0.759642,1.000000,0.000000,-1.772917,0.894994
5.680355,-54.730000,-80.960000,0.800000,0.000000,0.000000,0.000000,-46.400000,-121.970000,1.100000,-0.500000,-54.097053,-80.120163,1.281150,-0.646743,1.000000,0.000000,-1.504795,0.759642
5.700359,-54.600000,-80.970000,2.500000,0.000000,6.600000,-0.100000,-46.380000,-121.980000,1.900000,-0.500000,-54.071425,-80.133100,2.061575,-0.566521,1.000000,0.000000,5.318850,0.546743
5.740360,-54.600000,-80.970000,1.200000,0.000000,0.000000,0.000000,-46.310000,-122.000000,1.400000,-0.300000,-53.988960,-80.155762,1.727486,-0.474713,1.000000,0.000000,-2.061575,0.566521
5.760360,-54.520000,-80.970000,2.000000,0.000000,3.900000,-0.100000,-46.280000,-122.010000,1.700000,-0.300000,-53.954410,-80.165256,2.067256,-0.416110,1.000000,0.000000,2.172514,0.374713
5.780364,-54.360000,-80.970000,3.800000,-0.100000,8.000000,-0.200000,-46.240000,-122.020000,2.600000,-0.300000,-53.913057,-80.173580,2.971111,-0.383186,1.000000,0.000000,5.932744,0.216110
5.800364,-54.360000,-80.970000,2.700000,0.000000,0.000000,0.000000,-46.190000,-122.020000,2.200000,-0.200000,-53.853635,-80.181244,2.527135,-0.325926,1.000000,0.000000,-2.971111,0.383186
5.820365,-54.360000,-80.970000,1.800000,0.000000,0.000000,0.000000,-46.140000,-122.030000,1.900000,-0.200000,-53.803089,-80.187762,2.154851,-0.277912,1.000000,0.000000,-2.527135,0.325926
5.840365,-54.360000,-80.970000,1.300000,0.000000,0.000000,0.000000,-46.110000,-122.030000,1.600000,-0.200000,-53.759992,-80.193321,1.840733,-0.237400,1.000000,0.000000,-2.154851,0.277912
5.860365,-54.230000,-80.980000,2.800000,0.000000,6.400000,-0.100000,-46.070000,-122.040000,2.300000,-0.100000,-53.723178,-80.198069,2.500210,-0.217526,1.000000,0.000000,4.559267,0.137400
5.880368,-54.230000,-80.980000,2.000000,0.000000,0.000000,0.000000,-46.020000,-122.040000,2.000000,-0.100000,-53.673166,-80.202420,2.140623,-0.186241,1.000000,0.000000,-2.500210,0.217526
5.900369,-54.230000,-80.980000,1.400000,0.000000,0.000000,0.000000,-45.980000,-122.040000,2.000000,-0.100000,-53.630351,-80.206145,2.140623,-0.186241,0.000000,0.000000,-2.140623,0.186241
5.920371,-54.150000,-80.980000,2.100000,0.000000,3.800000,0.000000,-45.940000,-122.050000,2.300000,-0.100000,-53.587535,-80.209870,2.406143,-0.156440,1.000000,0.000000,1.659377,0.186241
5.940366,-53.880000,-80.990000,5.600000,-0.100000,13.800000,-0.200000,-45.900000,-122.050000,4.000000,-0.100000,-53.539424,-80.212998,4.171435,-0.163189,1.000000,0.000000,11.393857,-0.043560
5.960372,-53.880000,-80.990000,3.900000,0.000000,0.000000,0.000000,-45.820000,-122.050000,3.400000,-0.100000,-53.455970,-80.216263,3.540293,-0.138498,1.000000,0.000000,-4.171435,0.163189
5.980369,-53.680000,-80.990000,5.600000,-0.100000,9.600000,-0.100000,-45.750000,-122.060000,4.300000,-0.100000,-53.385175,-80.219032,4.441182,-0.132775,1.000000,0.000000,6.059707,0.038498
6.000376,-53.680000,-80.990000,3.900000,0.000000,0.000000,0.000000,-45.660000,-122.060000,3.700000,-0.100000,-53.296320,-80.221689,3.789371,-0.113288,1.000000,0.000000,-4.441182,0.132775
6.020371,-53.680000,-80.990000,2.700000,0.000000,0.000000,0.000000,-45.580000,-122.060000,3.100000,-0.100000,-53.220552,-80.223954,3.238523,-0.096820,1.000000,0.000000,-3.789371,0.113288
6.040381,-53.680000,-80.990000,1.900000,0.000000,0.000000,0.000000,-45.520000,-122.070000,2.700000,0.000000,-53.155749,-80.225891,2.771019,-0.082843,1.000000,0.000000,-3.238523,0.096820
6.060374,-53.620000,-81.200000,2.300000,-3.200000,3.300000,-10.700000,-45.460000,-122.070000,2.800000,-1.600000,-53.100348,-80.227548,2.846982,-1.607495,1.000000,0.000000,0.528981,-10.617157
6.080380,-53.440000,-81.470000,4.200000,-6.200000,8.600000,-13.300000,-45.410000,-122.100000,3.600000,-3.200000,-53.043391,-80.259707,3.670009,-3.280225,1.000000,0.000000,5.753018,-11.692505
6.100379,-53.440000,-81.470000,2.900000,-4.300000,0.000000,0.000000,-45.340000,-122.170000,3.100000,-2.800000,-52.969995,-80.325308,3.146462,-2.812283,1.000000,0.000000,-3.670009,3.280225
6.120386,-53.250000,-81.710000,4.900000,-6.600000,9.700000,-11.800000,-45.270000,-122.220000,4.000000,-4.100000,-52.907043,-80.381574,4.079456,-4.091818,1.000000,0.000000,6.553538,-8.987717
6.140381,-53.250000,-81.710000,3.400000,-4.600000,0.000000,0.000000,-45.190000,-122.310000,3.400000,-3.500000,-52.825475,-80.463390,3.499599,-3.510204,1.000000,0.000000,-4.079456,4.091818
6.160387,-53.250000,-81.880000,2.400000,-5.800000,-0.100000,-8.800000,-45.120000,-122.380000,2.900000,-4.200000,-52.755462,-80.533615,2.988509,-4.261277,1.000000,0.000000,-3.599599,-5.289796
6.180384,-53.250000,-81.880000,1.600000,-4.100000,0.000000,0.000000,-45.060000,-122.460000,2.500000,-3.600000,-52.695700,-80.618828,2.564550,-3.656760,1.000000,0.000000,-2.988509,4.261277
6.200389,-53.250000,-82.090000,1.100000,-5.900000,-0.100000,-10.100000,-45.010000,-122.530000,2.100000,-4.500000,-52.644397,-80.691981,2.186771,-4.570281,1.000000,0.000000,-2.664550,-6.443240
6.240392,-53.260000,-82.300000,0.500000,-6.000000,-0.100000,-10.500000,-44.930000,-122.710000,1.500000,-4.800000,-52.556919,-80.874806,1.824163,-5.510544,1.000000,0.000000,-2.286771,-5.929719
6.260390,-53.260000,-82.420000,0.300000,-6.000000,0.000000,-5.800000,-44.900000,-122.800000,1.300000,-5.000000,-52.520440,-80.985006,1.543417,-5.555092,1.000000,0.000000,-1.824163,-0.289456
6.280392,-53.260000,-82.830000,0.100000,-10.400000,-0.200000,-20.600000,-44.870000,-122.900000,1.100000,-7.200000,-52.489568,-81.096119,1.280936,-7.820182,1.000000,0.000000,-1.743417,-15.044908
6.300397,-53.260000,-82.990000,0.000000,-9.600000,0.000000,-7.900000,-44.850000,-123.050000,0.900000,-7.300000,-52.463943,-81.252561,1.091185,-7.832006,1.000000,0.000000,-1.280936,-0.079818
6.320398,-53.270000,-83.270000,0.000000,-11.000000,-0.100000,-14.200000,-44.830000,-123.190000,0.800000,-8.300000,-52.442118,-81.409209,0.916830,-8.764095,1.000000,0.000000,-1.191185,-6.367994
6.360398,-53.470000,-83.820000,-3.000000,-13.100000,-10.200000,-22.000000,-44.800000,-123.520000,-0.800000,-9.900000,-52.405445,-81.759773,-0.881912,-10.905711,1.000000,0.000000,-11.116830,-13.235905
6.380401,-53.470000,-83.960000,-2.100000,-11.300000,0.000000,-6.900000,-44.820000,-123.720000,-0.700000,-9.400000,-52.423086,-81.977920,-0.744141,-10.279947,1.000000,0.000000,0.881912,4.005711
6.400403,-53.480000,-84.700000,-1.600000,-18.900000,-0.200000,-36.800000,-44.830000,-123.910000,-0.600000,-13.300000,-52.437970,-82.183540,-0.661311,-14.316876,1.000000,0.000000,0.544141,-26.520053
6.420400,-53.480000,-84.700000,-1.100000,-13.200000,0.000000,0.000000,-44.850000,-124.170000,-0.600000,-13.300000,-52.451195,-82.469834,-0.661311,-14.316876,0.000000,0.000000,0.661311,14.316876
6.440405,-53.480000,-84.850000,-0.800000,-11.500000,0.000000,-7.300000,-44.860000,-124.440000,-0.500000,-12.400000,-52.464424,-82.756243,-0.551602,-13.152807,1.000000,0.000000,0.661311,7.016876
6.460408,-53.480000,-85.060000,-0.500000,-11.200000,0.000000,-10.700000,-44.870000,-124.690000,-0.500000,-12.100000,-52.475458,-83.019339,-0.463831,-12.762512,1.000000,0.000000,0.551602,2.452807
6.480404,-53.480000,-85.200000,-0.400000,-9.900000,0.000000,-6.800000,-44.880000,-124.930000,-0.400000,-11.300000,-52.484733,-83.274538,-0.392262,-11.842506,1.000000,0.000000,0.463831,5.962512
6.500409,-53.480000,-85.270000,-0.200000,-7.900000,0.000000,-3.400000,-44.890000,-125.160000,-0.300000,-10.100000,-52.492580,-83.511447,-0.333093,-10.569019,1.000000,0.000000,0.392262,8.442506
6.520411,-53.640000,-85.910000,-2.400000,-15.300000,-7.600000,-32.400000,-44.900000,-125.360000,-1.400000,-13.400000,-52.499242,-83.722849,-1.411068,-13.807434,1.000000,0.000000,-7.266907,-21.830981
6.560415,-53.640000,-86.420000,-1.200000,-14.100000,0.000000,-14.900000,-44.950000,-125.890000,-1.000000,-13.200000,-52.555691,-84.275202,-1.180799,-13.985728,1.000000,0.000000,1.411068,-1.092566
6.580411,-53.640000,-86.720000,-0.800000,-14.400000,0.000000,-15.100000,-44.970000,-126.160000,-0.900000,-13.500000,-52.579302,-84.554860,-0.995181,-14.160888,1.000000,0.000000,1.180799,-1.114272
6.600414,-53.640000,-86.990000,-0.600000,-14.100000,0.000000,-13.300000,-44.990000,-126.430000,-0.700000,-13.500000,-52.599208,-84.838120,-0.842992,-14.029236,1.000000,0.000000,0.995181,0.860888
6.620416,-53.640000,-87.160000,-0.400000,-12.400000,0.000000,-8.400000,-45.010000,-126.700000,-0.600000,-12.700000,-52.616070,-85.118733,-0.716671,-13.185703,1.000000,0.000000,0.842992,5.629236
6.640414,-53.640000,-87.550000,-0.300000,-14.500000,0.000000,-19.400000,-45.020000,-126.960000,-0.500000,-13.700000,-52.630402,-85.382421,-0.610879,-14.103030,1.000000,0.000000,0.716671,-6.214297
6.660419,-53.640000,-87.670000,-0.200000,-12.000000,0.000000,-6.100000,-45.030000,-127.230000,-0.500000,-12.600000,-52.642623,-85.664552,-0.521693,-12.934619,1.000000,0.000000,0.610879,8.003030
6.680418,-53.750000,-88.310000,-1.700000,-17.900000,-5.100000,-31.800000,-45.040000,-127.480000,-1.100000,-15.300000,-52.653056,-85.923231,-1.184669,-15.666480,1.000000,0.000000,-4.578307,-18.865381
6.700421,-53.750000,-88.550000,-1.200000,-16.100000,0.000000,-11.800000,-45.070000,-127.790000,-1.000000,-14.800000,-52.676753,-86.236608,-1.014146,-15.109932,1.000000,0.000000,1.184669,3.866480
6.720422,-53.750000,-88.790000,-0.800000,-14.800000,0.000000,-11.900000,-45.090000,-128.090000,-0.800000,-14.400000,-52.697037,-86.538822,-0.868814,-14.649933,1.000000,0.000000,1.014146,3.209932
6.760425,-53.750000,-89.420000,-0.400000,-15.200000,0.000000,-14.500000,-45.120000,-128.680000,-0.600000,-14.700000,-52.731792,-87.124863,-0.730111,-14.625997,1.000000,0.000000,0.868814,0.149933
6.780425,-53.750000,-89.610000,-0.300000,-13.600000,0.000000,-9.800000,-45.130000,-128.970000,-0.500000,-14.000000,-52.746394,-87.417383,-0.617180,-13.879527,1.000000,0.000000,0.730111,4.825997
6.800425,-53.750000,-90.210000,-0.200000,-18.500000,0.000000,-29.900000,-45.140000,-129.250000,-0.400000,-16.300000,-52.758738,-87.694974,-0.523917,-16.300395,1.000000,0.000000,0.617180,-16.020473
6.820429,-53.750000,-90.380000,-0.100000,-15.400000,0.000000,-8.200000,-45.150000,-129.580000,-0.400000,-15.100000,-52.769218,-88.021047,-0.446096,-15.097188,1.000000,0.000000,0.523917,8.100395
6.840429,-53.910000,-90.710000,-2.500000,-15.800000,-8.000000,-16.600000,-45.160000,-129.880000,-1.500000,-15.400000,-52.778140,-88.322990,-1.553975,-15.317595,1.000000,0.000000,-7.553904,-1.502812
6.860430,-53.910000,-90.840000,-1.700000,-12.900000,0.000000,-6.200000,-45.190000,-130.190000,-1.200000,-14.100000,-52.809221,-88.629358,-1.328187,-13.992832,1.000000,0.000000,1.553975,9.117595
6.880432,-53.910000,-90.990000,-1.200000,-11.300000,0.000000,-7.500000,-45.220000,-130.470000,-1.100000,-13.100000,-52.835788,-88.909242,-1.136530,-13.055920,1.000000,0.000000,1.328187,6.492832
6.900435,-53.910000,-91.250000,-0.800000,-11.800000,0.000000,-13.000000,-45.240000,-130.740000,-0.900000,-13.100000,-52.858522,-89.170400,-0.973360,-13.047892,1.000000,0.000000,1.136530,0.055920
6.920434,-53.910000,-91.520000,-0.600000,-12.300000,0.000000,-13.600000,-45.260000,-131.000000,-0.800000,-13.200000,-52.877988,-89.431345,-0.834141,-13.126859,1.000000,0.000000,0.973360,-0.552108
6.940434,-53.910000,-91.520000,-0.400000,-8.600000,0.000000,0.000000,-45.280000,-131.260000,-0.800000,-13.200000,-52.894671,-89.693882,-0.834141,-13.126859,0.000000,0.000000,0.834141,13.126859
6.980438,-54.170000,-92.420000,-4.100000,-16.200000,-12.900000,-29.400000,-45.310000,-131.800000,-2.500000,-15.900000,-52.928040,-90.219009,-2.953157,-15.984761,1.000000,0.000000,-12.065859,-16.273141
7.000439,-54.320000,-92.420000,-5.100000,-11.300000,-7.500000,0.000000,-45.360000,-132.120000,-3.300000,-13.500000,-52.987106,-90.538720,-3.707662,-13.332241,1.000000,0.000000,-4.546843,15.984761
7.020438,-54.540000,-92.420000,-6.900000,-7.900000,-11.000000,0.000000,-45.420000,-132.390000,-4.400000,-11.500000,-53.061255,-90.805351,-4.868238,-11.210416,1.000000,0.000000,-7.292338,13.332241
7.040441,-54.540000,-92.420000,-4.800000,-5.500000,0.000000,0.000000,-45.510000,-132.620000,-3.800000,-9.800000,-53.158635,-91.029593,-4.116949,-9.480373,1.000000,0.000000,4.868238,11.210416
7.060442,-54.640000,-92.830000,-4.800000,-10.000000,-5.000000,-20.500000,-45.590000,-132.820000,-3.900000,-11.400000,-53.240978,-91.219210,-4.250164,-11.142770,1.000000,0.000000,-0.883051,-11.019627
7.080444,-54.640000,-93.050000,-3.400000,-10.400000,0.000000,-11.200000,-45.670000,-133.050000,-3.400000,-11.300000,-53.325989,-91.442088,-3.619645,-11.151260,1.000000,0.000000,4.250164,-0.057230
7.100446,-54.640000,-93.370000,-2.300000,-12.000000,0.000000,-16.000000,-45.740000,-133.280000,-2.900000,-12.000000,-53.398390,-91.665135,-3.089259,-11.861746,1.000000,0.000000,3.619645,-4.848740
7.120447,-54.640000,-93.750000,-1.600000,-14.100000,0.000000,-18.700000,-45.800000,-133.520000,-2.500000,-13.000000,-53.460178,-91.902382,-2.640698,-12.854661,1.000000,0.000000,3.089259,-6.838254
7.140444,-54.820000,-94.380000,-3.700000,-19.300000,-8.700000,-31.400000,-45.850000,-133.780000,-3.300000,-15.600000,-53.512984,-92.159437,-3.514594,-15.529342,1.000000,0.000000,-6.059302,-18.545339
7.160448,-54.820000,-94.380000,-2.600000,-13.500000,0.000000,0.000000,-45.910000,-134.090000,-2.900000,-13.400000,-53.583290,-92.470086,-3.010199,-13.300658,1.000000,0.000000,3.514594,15.529342
7.180449,-54.820000,-94.380000,-1.800000,-9.400000,0.000000,0.000000,-45.970000,-134.360000,-2.400000,-11.500000,-53.643497,-92.736112,-2.579768,-11.398784,1.000000,0.000000,3.010199,13.300658
7.200453,-54.820000,-94.380000,-1.300000,-6.600000,0.000000,0.000000,-46.020000,-134.590000,-2.100000,-9.800000,-53.695103,-92.964134,-2.211870,-9.773215,1.000000,0.000000,2.579768,11.398784
7.240452,-54.820000,-94.940000,-0.600000,-11.700000,0.000000,-28.100000,-46.100000,-134.960000,-1.500000,-11.200000,-53.783575,-93.355052,-1.859848,-12.689945,1.000000,0.000000,2.211870,-18.326785
7.260455,-54.820000,-95.380000,-0.400000,-14.700000,0.000000,-21.800000,-46.130000,-135.180000,-1.300000,-12.700000,-53.820778,-93.608889,-1.572826,-14.095859,1.000000,0.000000,1.859848,-9.110055
7.280455,-54.810000,-95.710000,-0.200000,-15.200000,0.000000,-16.300000,-46.160000,-135.440000,-1.100000,-13.200000,-53.852234,-93.890807,-1.335553,-14.428370,1.000000,0.000000,1.572826,-2.204141
7.300459,-54.810000,-96.030000,-0.100000,-15.500000,0.000000,-16.100000,-46.180000,-135.710000,-0.900000,-13.600000,-53.878951,-94.179432,-1.137420,-14.676362,1.000000,0.000000,1.335553,-1.671630
7.320459,-54.810000,-96.520000,0.000000,-18.200000,0.100000,-24.600000,-46.200000,-135.980000,-0.800000,-15.200000,-53.901699,-94.472959,-0.956101,-16.130466,1.000000,0.000000,1.237420,-9.923638
7.340458,-54.810000,-96.520000,0.000000,-12.700000,0.000000,0.000000,-46.220000,-136.280000,-0.700000,-13.000000,-53.920820,-94.795552,-0.817277,-13.788355,1.000000,0.000000,0.956101,16.130466
7.360460,-54.810000,-96.520000,0.000000,-8.900000,0.000000,0.000000,-46.230000,-136.550000,-0.600000,-11.200000,-53.937167,-95.071347,-0.699404,-11.799707,1.000000,0.000000,0.817277,13.788355
7.380463,-54.810000,-96.700000,0.000000,-8.900000,0.000000,-8.900000,-46.240000,-136.770000,-0.500000,-10.900000,-53.951157,-95.307376,-0.599029,-11.383554,1.000000,0.000000,0.699404,2.899707
7.400463,-54.810000,-96.840000,0.000000,-8.400000,0.000000,-7.200000,-46.250000,-136.990000,-0.400000,-10.300000,-53.963138,-95.535047,-0.513373,-10.785344,1.000000,0.000000,0.599029,4.183554
7.420464,-54.810000,-97.140000,0.000000,-10.300000,0.000000,-14.800000,-46.260000,-137.200000,-0.300000,-11.000000,-53.973406,-95.750765,-0.440163,-11.357860,1.000000,0.000000,0.513373,-4.014656
7.440469,-54.800000,-97.500000,0.000000,-12.600000,0.100000,-18.000000,-46.270000,-137.420000,-0.200000,-12.000000,-53.982211,-95.977979,-0.363283,-12.303216,1.000000,0.000000,0.540163,-6.642140
7.460466,-54.800000,-97.500000,0.000000,-8.800000,0.000000,0.000000,-46.280000,-137.660000,-0.200000,-12.000000,-53.989476,-96.224006,-0.363283,-12.303216,0.000000,0.000000,0.363283,12.303216
7.480469,-54.800000,-97.900000,0.000000,-12.100000,0.100000,-19.900000,-46.280000,-137.900000,-0.200000,-13.200000,-53.996743,-96.470108,-0.289643,-13.510745,1.000000,0.000000,0.463283,-7.596784
7.500469,-54.800000,-98.230000,0.000000,-13.500000,0.100000,-16.600000,-46.290000,-138.160000,-0.100000,-13.700000,-54.002536,-96.740323,-0.229568,-13.987049,1.000000,0.000000,0.389643,-3.089255
7.520472,-54.790000,-98.650000,0.100000,-15.600000,0.100000,-20.600000,-46.290000,-138.440000,-0.100000,-14.800000,-54.007128,-97.020106,-0.179883,-14.983990,1.000000,0.000000,0.329568,-6.612951
7.540472,-54.790000,-98.650000,0.000000,-10.900000,0.000000,0.000000,-46.290000,-138.730000,0.000000,-12.600000,-54.010725,-97.319785,-0.153211,-12.762224,1.000000,0.000000,0.179883,14.983990
7.560472,-54.790000,-98.850000,0.000000,-10.600000,0.100000,-10.000000,-46.290000,-138.990000,0.000000,-12.200000,-54.013790,-97.575030,-0.116122,-12.357633,1.000000,0.000000,0.253211,2.762224
7.580476,-54.790000,-99.450000,0.100000,-16.400000,0.300000,-29.900000,-46.290000,-139.230000,0.000000,-14.800000,-54.016112,-97.822232,-0.055717,-14.904103,1.000000,0.000000,0.416122,-17.542367
7.600473,-54.780000,-99.700000,0.100000,-15.200000,0.100000,-12.400000,-46.290000,-139.530000,0.000000,-14.400000,-54.017227,-98.120269,-0.033264,-14.543023,1.000000,0.000000,0.155717,2.504103
7.620478,-54.780000,-99.980000,0.100000,-14.900000,0.100000,-14.000000,-46.290000,-139.820000,0.000000,-14.400000,-54.017892,-98.411202,-0.014141,-14.465102,1.000000,0.000000,0.133264,0.543023
7.640473,-54.770000,-100.390000,0.100000,-16.600000,0.200000,-20.600000,-46.290000,-140.110000,0.000000,-15.300000,-54.018175,-98.700432,0.016475,-15.342215,1.000000,0.000000,0.214141,-6.134898
7.660480,-54.770000,-100.780000,0.100000,-17.400000,0.200000,-19.200000,-46.290000,-140.410000,0.000000,-15.800000,-54.017845,-99.007384,0.042645,-15.892324,1.000000,0.000000,0.183525,-3.857785
7.680477,-54.770000,-101.100000,0.100000,-16.900000,0.100000,-15.900000,-46.290000,-140.730000,0.100000,-15.800000,-54.016992,-99.325183,0.050807,-15.893416,1.000000,0.000000,0.057355,-0.007676
7.700483,-54.760000,-101.310000,0.100000,-15.000000,0.100000,-10.400000,-46.290000,-141.050000,0.100000,-15.100000,-54.015976,-99.643146,0.057798,-15.112735,1.000000,0.000000,0.049193,5.493416
7.720480,-54.760000,-101.910000,0.200000,-19.500000,0.300000,-29.900000,-46.290000,-141.350000,0.100000,-17.200000,-54.014820,-99.945356,0.092180,-17.211882,1.000000,0.000000,0.242202,-14.787265
7.740484,-54.750000,-102.120000,0.200000,-16.800000,0.100000,-10.500000,-46.280000,-141.700000,0.100000,-16.200000,-54.012976,-100.289662,0.093290,-16.259817,1.000000,0.000000,0.007820,6.711882
7.760479,-54.750000,-102.310000,0.100000,-14.700000,0.100000,-9.700000,-46.280000,-142.020000,0.100000,-15.300000,-54.011111,-100.614777,0.094241,-15.329897,1.000000,0.000000,0.006710,6.559817
7.780489,-54.750000,-102.590000,0.100000,-14.400000,0.100000,-13.800000,-46.280000,-142.330000,0.100000,-15.100000,-54.009225,-100.921528,0.095057,-15.113098,1.000000,0.000000,0.005759,1.529897
7.800487,-54.740000,-102.930000,0.100000,-15.200000,0.200000,-17.100000,-46.270000,-142.630000,0.100000,-15.400000,-54.007324,-101.223760,0.109923,-15.394562,1.000000,0.000000,0.104943,-1.986902
7.820489,-54.740000,-103.410000,0.200000,-17.800000,0.300000,-23.900000,-46.270000,-142.940000,0.100000,-16.600000,-54.005126,-101.531682,0.136843,-16.599167,1.000000,0.000000,0.190077,-8.505438
7.840490,-54.730000,-103.860000,0.200000,-19.200000,0.200000,-22.500000,-46.270000,-143.270000,0.100000,-17.400000,-54.002389,-101.863682,0.145786,-17.434742,1.000000,0.000000,0.063157,-5.900833
7.880495,-54.720000,-104.590000,0.200000,-18.300000,0.100000,-13.900000,-46.260000,-143.990000,0.200000,-17.500000,-53.996556,-102.561159,0.138532,-16.874683,1.000000,0.000000,-0.045786,3.534742
7.900493,-54.720000,-104.920000,0.200000,-17.700000,0.200000,-16.300000,-46.260000,-144.340000,0.200000,-17.400000,-53.993786,-102.898619,0.147987,-16.786287,1.000000,0.000000,0.061468,0.574683
7.920496,-54.710000,-105.180000,0.200000,-16.300000,0.100000,-13.100000,-46.250000,-144.690000,0.200000,-16.800000,-53.990826,-103.234395,0.140765,-16.231530,1.000000,0.000000,-0.047987,3.686287
7.940496,-54.710000,-105.460000,0.100000,-15.600000,0.100000,-13.800000,-46.250000,-145.020000,0.100000,-16.300000,-53.988011,-103.559026,0.134728,-15.871458,1.000000,0.000000,-0.040765,2.431530
7.960500,-54.700000,-105.910000,0.200000,-17.600000,0.200000,-22.500000,-46.240000,-145.350000,0.200000,-17.200000,-53.985315,-103.876518,0.144280,-16.841460,1.000000,0.000000,0.065272,-6.628542
7.980499,-54.700000,-105.910000,0.100000,-12.300000,0.000000,0.000000,-46.240000,-145.700000,0.200000,-17.200000,-53.982430,-104.213331,0.144280,-16.841460,0.000000,0.000000,-0.144280,16.841460
