cost,pos_rmse,vel_rmse,lag_x_ms,lag_y_ms,quiet_vel_rms,closure_cm,used_rate,reject_rate,q_pos,q_vel,r_vel,vel_gate
7.569900726227274,2.7005782326225507,3.728700443848537,80.00799999999941,100.00999999999927,2.7189067892075327,25.973963531267568,0.9568733153638814,0.0,1.0,350.0,300.0,90.0
7.569900726227274,2.7005782326225507,3.728700443848537,80.00799999999941,100.00999999999927,2.7189067892075327,25.973963531267568,0.9568733153638814,0.0,1.0,350.0,300.0,140.0
7.569900726227274,2.7005782326225507,3.728700443848537,80.00799999999941,100.00999999999927,2.7189067892075327,25.973963531267568,0.9568733153638814,0.0,1.0,350.0,300.0,180.0
7.569900726227274,2.7005782326225507,3.728700443848537,80.00799999999941,100.00999999999927,2.7189067892075327,25.973963531267568,0.9568733153638814,0.0,1.0,350.0,300.0,240.0
7.569900726227274,2.7005782326225507,3.728700443848537,80.00799999999941,100.00999999999927,2.7189067892075327,25.973963531267568,0.9568733153638814,0.0,3.0,350.0,300.0,90.0
7.569900726227274,2.7005782326225507,3.728700443848537,80.00799999999941,100.00999999999927,2.7189067892075327,25.973963531267568,0.9568733153638814,0.0,3.0,350.0,300.0,140.0
7.569900726227274,2.7005782326225507,3.728700443848537,80.00799999999941,100.00999999999927,2.7189067892075327,25.973963531267568,0.9568733153638814,0.0,3.0,350.0,300.0,180.0
7.569900726227274,2.7005782326225507,3.728700443848537,80.00799999999941,100.00999999999927,2.7189067892075327,25.973963531267568,0.9568733153638814,0.0,3.0,350.0,300.0,240.0
7.569900726227274,2.7005782326225507,3.728700443848537,80.00799999999941,100.00999999999927,2.7189067892075327,25.973963531267568,0.9568733153638814,0.0,5.0,350.0,300.0,90.0
7.569900726227274,2.7005782326225507,3.728700443848537,80.00799999999941,100.00999999999927,2.7189067892075327,25.973963531267568,0.9568733153638814,0.0,5.0,350.0,300.0,140.0
7.569900726227274,2.7005782326225507,3.728700443848537,80.00799999999941,100.00999999999927,2.7189067892075327,25.973963531267568,0.9568733153638814,0.0,5.0,350.0,300.0,180.0
7.569900726227274,2.7005782326225507,3.728700443848537,80.00799999999941,100.00999999999927,2.7189067892075327,25.973963531267568,0.9568733153638814,0.0,5.0,350.0,300.0,240.0
7.569900726227274,2.7005782326225507,3.728700443848537,80.00799999999941,100.00999999999927,2.7189067892075327,25.973963531267568,0.9568733153638814,0.0,10.0,350.0,300.0,90.0
7.569900726227274,2.7005782326225507,3.728700443848537,80.00799999999941,100.00999999999927,2.7189067892075327,25.973963531267568,0.9568733153638814,0.0,10.0,350.0,300.0,140.0
7.569900726227274,2.7005782326225507,3.728700443848537,80.00799999999941,100.00999999999927,2.7189067892075327,25.973963531267568,0.9568733153638814,0.0,10.0,350.0,300.0,180.0
7.569900726227274,2.7005782326225507,3.728700443848537,80.00799999999941,100.00999999999927,2.7189067892075327,25.973963531267568,0.9568733153638814,0.0,10.0,350.0,300.0,240.0
7.569900726227274,2.7005782326225507,3.728700443848537,80.00799999999941,100.00999999999927,2.7189067892075327,25.973963531267568,0.9568733153638814,0.0,20.0,350.0,300.0,90.0
7.569900726227274,2.7005782326225507,3.728700443848537,80.00799999999941,100.00999999999927,2.7189067892075327,25.973963531267568,0.9568733153638814,0.0,20.0,350.0,300.0,140.0
7.569900726227274,2.7005782326225507,3.728700443848537,80.00799999999941,100.00999999999927,2.7189067892075327,25.973963531267568,0.9568733153638814,0.0,20.0,350.0,300.0,180.0
7.569900726227274,2.7005782326225507,3.728700443848537,80.00799999999941,100.00999999999927,2.7189067892075327,25.973963531267568,0.9568733153638814,0.0,20.0,350.0,300.0,240.0
8.883102735407146,3.3094578508496957,4.490145709674724,100.00999999999927,140.013999999999,3.1372511768341242,25.08921455037095,0.9568733153638814,0.0,1.0,200.0,300.0,90.0
8.883102735407146,3.3094578508496957,4.490145709674724,100.00999999999927,140.013999999999,3.1372511768341242,25.08921455037095,0.9568733153638814,0.0,1.0,200.0,300.0,140.0
8.883102735407146,3.3094578508496957,4.490145709674724,100.00999999999927,140.013999999999,3.1372511768341242,25.08921455037095,0.9568733153638814,0.0,1.0,200.0,300.0,180.0
8.883102735407146,3.3094578508496957,4.490145709674724,100.00999999999927,140.013999999999,3.1372511768341242,25.08921455037095,0.9568733153638814,0.0,1.0,200.0,300.0,240.0
8.883102735407146,3.3094578508496957,4.490145709674724,100.00999999999927,140.013999999999,3.1372511768341242,25.08921455037095,0.9568733153638814,0.0,3.0,200.0,300.0,90.0
8.883102735407146,3.3094578508496957,4.490145709674724,100.00999999999927,140.013999999999,3.1372511768341242,25.08921455037095,0.9568733153638814,0.0,3.0,200.0,300.0,140.0
8.883102735407146,3.3094578508496957,4.490145709674724,100.00999999999927,140.013999999999,3.1372511768341242,25.08921455037095,0.9568733153638814,0.0,3.0,200.0,300.0,180.0
8.883102735407146,3.3094578508496957,4.490145709674724,100.00999999999927,140.013999999999,3.1372511768341242,25.08921455037095,0.9568733153638814,0.0,3.0,200.0,300.0,240.0
8.883102735407146,3.3094578508496957,4.490145709674724,100.00999999999927,140.013999999999,3.1372511768341242,25.08921455037095,0.9568733153638814,0.0,5.0,200.0,300.0,90.0
8.883102735407146,3.3094578508496957,4.490145709674724,100.00999999999927,140.013999999999,3.1372511768341242,25.08921455037095,0.9568733153638814,0.0,5.0,200.0,300.0,140.0
8.883102735407146,3.3094578508496957,4.490145709674724,100.00999999999927,140.013999999999,3.1372511768341242,25.08921455037095,0.9568733153638814,0.0,5.0,200.0,300.0,180.0
8.883102735407146,3.3094578508496957,4.490145709674724,100.00999999999927,140.013999999999,3.1372511768341242,25.08921455037095,0.9568733153638814,0.0,5.0,200.0,300.0,240.0
8.883102735407146,3.3094578508496957,4.490145709674724,100.00999999999927,140.013999999999,3.1372511768341242,25.08921455037095,0.9568733153638814,0.0,10.0,200.0,300.0,90.0
8.883102735407146,3.3094578508496957,4.490145709674724,100.00999999999927,140.013999999999,3.1372511768341242,25.08921455037095,0.9568733153638814,0.0,10.0,200.0,300.0,140.0
8.883102735407146,3.3094578508496957,4.490145709674724,100.00999999999927,140.013999999999,3.1372511768341242,25.08921455037095,0.9568733153638814,0.0,10.0,200.0,300.0,180.0
8.883102735407146,3.3094578508496957,4.490145709674724,100.00999999999927,140.013999999999,3.1372511768341242,25.08921455037095,0.9568733153638814,0.0,10.0,200.0,300.0,240.0
8.883102735407146,3.3094578508496957,4.490145709674724,100.00999999999927,140.013999999999,3.1372511768341242,25.08921455037095,0.9568733153638814,0.0,20.0,200.0,300.0,90.0
8.883102735407146,3.3094578508496957,4.490145709674724,100.00999999999927,140.013999999999,3.1372511768341242,25.08921455037095,0.9568733153638814,0.0,20.0,200.0,300.0,140.0
8.883102735407146,3.3094578508496957,4.490145709674724,100.00999999999927,140.013999999999,3.1372511768341242,25.08921455037095,0.9568733153638814,0.0,20.0,200.0,300.0,180.0
8.883102735407146,3.3094578508496957,4.490145709674724,100.00999999999927,140.013999999999,3.1372511768341242,25.08921455037095,0.9568733153638814,0.0,20.0,200.0,300.0,240.0
9.007900879338143,2.962042915853385,4.665258363549966,120.01199999999912,160.01599999999883,3.23503421047992,25.484251472034973,0.9568733153638814,0.0,1.0,350.0,600.0,90.0
9.007900879338143,2.962042915853385,4.665258363549966,120.01199999999912,160.01599999999883,3.23503421047992,25.484251472034973,0.9568733153638814,0.0,1.0,350.0,600.0,140.0
9.007900879338143,2.962042915853385,4.665258363549966,120.01199999999912,160.01599999999883,3.23503421047992,25.484251472034973,0.9568733153638814,0.0,1.0,350.0,600.0,180.0
9.007900879338143,2.962042915853385,4.665258363549966,120.01199999999912,160.01599999999883,3.23503421047992,25.484251472034973,0.9568733153638814,0.0,1.0,350.0,600.0,240.0
9.007900879338143,2.962042915853385,4.665258363549966,120.01199999999912,160.01599999999883,3.23503421047992,25.484251472034973,0.9568733153638814,0.0,3.0,350.0,600.0,90.0
9.007900879338143,2.962042915853385,4.665258363549966,120.01199999999912,160.01599999999883,3.23503421047992,25.484251472034973,0.9568733153638814,0.0,3.0,350.0,600.0,140.0
9.007900879338143,2.962042915853385,4.665258363549966,120.01199999999912,160.01599999999883,3.23503421047992,25.484251472034973,0.9568733153638814,0.0,3.0,350.0,600.0,180.0
9.007900879338143,2.962042915853385,4.665258363549966,120.01199999999912,160.01599999999883,3.23503421047992,25.484251472034973,0.9568733153638814,0.0,3.0,350.0,600.0,240.0
9.007900879338143,2.962042915853385,4.665258363549966,120.01199999999912,160.01599999999883,3.23503421047992,25.484251472034973,0.9568733153638814,0.0,5.0,350.0,600.0,90.0
9.007900879338143,2.962042915853385,4.665258363549966,120.01199999999912,160.01599999999883,3.23503421047992,25.484251472034973,0.9568733153638814,0.0,5.0,350.0,600.0,140.0
9.007900879338143,2.962042915853385,4.665258363549966,120.01199999999912,160.01599999999883,3.23503421047992,25.484251472034973,0.9568733153638814,0.0,5.0,350.0,600.0,180.0
9.007900879338143,2.962042915853385,4.665258363549966,120.01199999999912,160.01599999999883,3.23503421047992,25.484251472034973,0.9568733153638814,0.0,5.0,350.0,600.0,240.0
9.007900879338143,2.962042915853385,4.665258363549966,120.01199999999912,160.01599999999883,3.23503421047992,25.484251472034973,0.9568733153638814,0.0,10.0,350.0,600.0,90.0
9.007900879338143,2.962042915853385,4.665258363549966,120.01199999999912,160.01599999999883,3.23503421047992,25.484251472034973,0.9568733153638814,0.0,10.0,350.0,600.0,140.0
9.007900879338143,2.962042915853385,4.665258363549966,120.01199999999912,160.01599999999883,3.23503421047992,25.484251472034973,0.9568733153638814,0.0,10.0,350.0,600.0,180.0
9.007900879338143,2.962042915853385,4.665258363549966,120.01199999999912,160.01599999999883,3.23503421047992,25.484251472034973,0.9568733153638814,0.0,10.0,350.0,600.0,240.0
9.007900879338143,2.962042915853385,4.665258363549966,120.01199999999912,160.01599999999883,3.23503421047992,25.484251472034973,0.9568733153638814,0.0,20.0,350.0,600.0,90.0
9.007900879338143,2.962042915853385,4.665258363549966,120.01199999999912,160.01599999999883,3.23503421047992,25.484251472034973,0.9568733153638814,0.0,20.0,350.0,600.0,140.0
9.007900879338143,2.962042915853385,4.665258363549966,120.01199999999912,160.01599999999883,3.23503421047992,25.484251472034973,0.9568733153638814,0.0,20.0,350.0,600.0,180.0
9.007900879338143,2.962042915853385,4.665258363549966,120.01199999999912,160.01599999999883,3.23503421047992,25.484251472034973,0.9568733153638814,0.0,20.0,350.0,600.0,240.0
9.683440963817478,3.140983295185002,5.209970835644356,140.013999999999,180.01799999999866,3.5134747385852214,25.178077757976656,0.9568733153638814,0.0,1.0,350.0,900.0,90.0
9.683440963817478,3.140983295185002,5.209970835644356,140.013999999999,180.01799999999866,3.5134747385852214,25.178077757976656,0.9568733153638814,0.0,1.0,350.0,900.0,140.0
9.683440963817478,3.140983295185002,5.209970835644356,140.013999999999,180.01799999999866,3.5134747385852214,25.178077757976656,0.9568733153638814,0.0,1.0,350.0,900.0,180.0
9.683440963817478,3.140983295185002,5.209970835644356,140.013999999999,180.01799999999866,3.5134747385852214,25.178077757976656,0.9568733153638814,0.0,1.0,350.0,900.0,240.0
9.683440963817478,3.140983295185002,5.209970835644356,140.013999999999,180.01799999999866,3.5134747385852214,25.178077757976656,0.9568733153638814,0.0,3.0,350.0,900.0,90.0
9.683440963817478,3.140983295185002,5.209970835644356,140.013999999999,180.01799999999866,3.5134747385852214,25.178077757976656,0.9568733153638814,0.0,3.0,350.0,900.0,140.0
9.683440963817478,3.140983295185002,5.209970835644356,140.013999999999,180.01799999999866,3.5134747385852214,25.178077757976656,0.9568733153638814,0.0,3.0,350.0,900.0,180.0
9.683440963817478,3.140983295185002,5.209970835644356,140.013999999999,180.01799999999866,3.5134747385852214,25.178077757976656,0.9568733153638814,0.0,3.0,350.0,900.0,240.0
9.683440963817478,3.140983295185002,5.209970835644356,140.013999999999,180.01799999999866,3.5134747385852214,25.178077757976656,0.9568733153638814,0.0,5.0,350.0,900.0,90.0
9.683440963817478,3.140983295185002,5.209970835644356,140.013999999999,180.01799999999866,3.5134747385852214,25.178077757976656,0.9568733153638814,0.0,5.0,350.0,900.0,140.0
9.683440963817478,3.140983295185002,5.209970835644356,140.013999999999,180.01799999999866,3.5134747385852214,25.178077757976656,0.9568733153638814,0.0,5.0,350.0,900.0,180.0
9.683440963817478,3.140983295185002,5.209970835644356,140.013999999999,180.01799999999866,3.5134747385852214,25.178077757976656,0.9568733153638814,0.0,5.0,350.0,900.0,240.0
9.683440963817478,3.140983295185002,5.209970835644356,140.013999999999,180.01799999999866,3.5134747385852214,25.178077757976656,0.9568733153638814,0.0,10.0,350.0,900.0,90.0
9.683440963817478,3.140983295185002,5.209970835644356,140.013999999999,180.01799999999866,3.5134747385852214,25.178077757976656,0.9568733153638814,0.0,10.0,350.0,900.0,140.0
9.683440963817478,3.140983295185002,5.209970835644356,140.013999999999,180.01799999999866,3.5134747385852214,25.178077757976656,0.9568733153638814,0.0,10.0,350.0,900.0,180.0
9.683440963817478,3.140983295185002,5.209970835644356,140.013999999999,180.01799999999866,3.5134747385852214,25.178077757976656,0.9568733153638814,0.0,10.0,350.0,900.0,240.0
9.683440963817478,3.140983295185002,5.209970835644356,140.013999999999,180.01799999999866,3.5134747385852214,25.178077757976656,0.9568733153638814,0.0,20.0,350.0,900.0,90.0
9.683440963817478,3.140983295185002,5.209970835644356,140.013999999999,180.01799999999866,3.5134747385852214,25.178077757976656,0.9568733153638814,0.0,20.0,350.0,900.0,140.0
9.683440963817478,3.140983295185002,5.209970835644356,140.013999999999,180.01799999999866,3.5134747385852214,25.178077757976656,0.9568733153638814,0.0,20.0,350.0,900.0,180.0
9.683440963817478,3.140983295185002,5.209970835644356,140.013999999999,180.01799999999866,3.5134747385852214,25.178077757976656,0.9568733153638814,0.0,20.0,350.0,900.0,240.0
10.549035822615327,4.0996072277882964,5.177032430918192,140.013999999999,180.01799999999866,3.495388016036415,24.10983874886984,0.9568733153638814,0.0,1.0,120.0,300.0,90.0
10.549035822615327,4.0996072277882964,5.177032430918192,140.013999999999,180.01799999999866,3.495388016036415,24.10983874886984,0.9568733153638814,0.0,1.0,120.0,300.0,140.0
10.549035822615327,4.0996072277882964,5.177032430918192,140.013999999999,180.01799999999866,3.495388016036415,24.10983874886984,0.9568733153638814,0.0,1.0,120.0,300.0,180.0
10.549035822615327,4.0996072277882964,5.177032430918192,140.013999999999,180.01799999999866,3.495388016036415,24.10983874886984,0.9568733153638814,0.0,1.0,120.0,300.0,240.0
10.549035822615327,4.0996072277882964,5.177032430918192,140.013999999999,180.01799999999866,3.495388016036415,24.10983874886984,0.9568733153638814,0.0,3.0,120.0,300.0,90.0
10.549035822615327,4.0996072277882964,5.177032430918192,140.013999999999,180.01799999999866,3.495388016036415,24.10983874886984,0.9568733153638814,0.0,3.0,120.0,300.0,140.0
10.549035822615327,4.0996072277882964,5.177032430918192,140.013999999999,180.01799999999866,3.495388016036415,24.10983874886984,0.9568733153638814,0.0,3.0,120.0,300.0,180.0
10.549035822615327,4.0996072277882964,5.177032430918192,140.013999999999,180.01799999999866,3.495388016036415,24.10983874886984,0.9568733153638814,0.0,3.0,120.0,300.0,240.0
10.549035822615327,4.0996072277882964,5.177032430918192,140.013999999999,180.01799999999866,3.495388016036415,24.10983874886984,0.9568733153638814,0.0,5.0,120.0,300.0,90.0
10.549035822615327,4.0996072277882964,5.177032430918192,140.013999999999,180.01799999999866,3.495388016036415,24.10983874886984,0.9568733153638814,0.0,5.0,120.0,300.0,140.0
10.549035822615327,4.0996072277882964,5.177032430918192,140.013999999999,180.01799999999866,3.495388016036415,24.10983874886984,0.9568733153638814,0.0,5.0,120.0,300.0,180.0
10.549035822615327,4.0996072277882964,5.177032430918192,140.013999999999,180.01799999999866,3.495388016036415,24.10983874886984,0.9568733153638814,0.0,5.0,120.0,300.0,240.0
10.549035822615327,4.0996072277882964,5.177032430918192,140.013999999999,180.01799999999866,3.495388016036415,24.10983874886984,0.9568733153638814,0.0,10.0,120.0,300.0,90.0
10.549035822615327,4.0996072277882964,5.177032430918192,140.013999999999,180.01799999999866,3.495388016036415,24.10983874886984,0.9568733153638814,0.0,10.0,120.0,300.0,140.0
10.549035822615327,4.0996072277882964,5.177032430918192,140.013999999999,180.01799999999866,3.495388016036415,24.10983874886984,0.9568733153638814,0.0,10.0,120.0,300.0,180.0
10.549035822615327,4.0996072277882964,5.177032430918192,140.013999999999,180.01799999999866,3.495388016036415,24.10983874886984,0.9568733153638814,0.0,10.0,120.0,300.0,240.0
10.549035822615327,4.0996072277882964,5.177032430918192,140.013999999999,180.01799999999866,3.495388016036415,24.10983874886984,0.9568733153638814,0.0,20.0,120.0,300.0,90.0
10.549035822615327,4.0996072277882964,5.177032430918192,140.013999999999,180.01799999999866,3.495388016036415,24.10983874886984,0.9568733153638814,0.0,20.0,120.0,300.0,140.0
10.549035822615327,4.0996072277882964,5.177032430918192,140.013999999999,180.01799999999866,3.495388016036415,24.10983874886984,0.9568733153638814,0.0,20.0,120.0,300.0,180.0
10.549035822615327,4.0996072277882964,5.177032430918192,140.013999999999,180.01799999999866,3.495388016036415,24.10983874886984,0.9568733153638814,0.0,20.0,120.0,300.0,240.0
10.62340364732356,3.693449547070973,5.415200319322985,160.01599999999883,200.01999999999853,3.608037891992354,24.47703104419231,0.9568733153638814,0.0,1.0,200.0,600.0,90.0
10.62340364732356,3.693449547070973,5.415200319322985,160.01599999999883,200.01999999999853,3.608037891992354,24.47703104419231,0.9568733153638814,0.0,1.0,200.0,600.0,140.0
10.62340364732356,3.693449547070973,5.415200319322985,160.01599999999883,200.01999999999853,3.608037891992354,24.47703104419231,0.9568733153638814,0.0,1.0,200.0,600.0,180.0
10.62340364732356,3.693449547070973,5.415200319322985,160.01599999999883,200.01999999999853,3.608037891992354,24.47703104419231,0.9568733153638814,0.0,1.0,200.0,600.0,240.0
10.62340364732356,3.693449547070973,5.415200319322985,160.01599999999883,200.01999999999853,3.608037891992354,24.47703104419231,0.9568733153638814,0.0,3.0,200.0,600.0,90.0
10.62340364732356,3.693449547070973,5.415200319322985,160.01599999999883,200.01999999999853,3.608037891992354,24.47703104419231,0.9568733153638814,0.0,3.0,200.0,600.0,140.0
10.62340364732356,3.693449547070973,5.415200319322985,160.01599999999883,200.01999999999853,3.608037891992354,24.47703104419231,0.9568733153638814,0.0,3.0,200.0,600.0,180.0
10.62340364732356,3.693449547070973,5.415200319322985,160.01599999999883,200.01999999999853,3.608037891992354,24.47703104419231,0.9568733153638814,0.0,3.0,200.0,600.0,240.0
10.62340364732356,3.693449547070973,5.415200319322985,160.01599999999883,200.01999999999853,3.608037891992354,24.47703104419231,0.9568733153638814,0.0,5.0,200.0,600.0,90.0
10.62340364732356,3.693449547070973,5.415200319322985,160.01599999999883,200.01999999999853,3.608037891992354,24.47703104419231,0.9568733153638814,0.0,5.0,200.0,600.0,140.0
10.62340364732356,3.693449547070973,5.415200319322985,160.01599999999883,200.01999999999853,3.608037891992354,24.47703104419231,0.9568733153638814,0.0,5.0,200.0,600.0,180.0
10.62340364732356,3.693449547070973,5.415200319322985,160.01599999999883,200.01999999999853,3.608037891992354,24.47703104419231,0.9568733153638814,0.0,5.0,200.0,600.0,240.0
10.62340364732356,3.693449547070973,5.415200319322985,160.01599999999883,200.01999999999853,3.608037891992354,24.47703104419231,0.9568733153638814,0.0,10.0,200.0,600.0,90.0
10.62340364732356,3.693449547070973,5.415200319322985,160.01599999999883,200.01999999999853,3.608037891992354,24.47703104419231,0.9568733153638814,0.0,10.0,200.0,600.0,140.0
10.62340364732356,3.693449547070973,5.415200319322985,160.01599999999883,200.01999999999853,3.608037891992354,24.47703104419231,0.9568733153638814,0.0,10.0,200.0,600.0,180.0
10.62340364732356,3.693449547070973,5.415200319322985,160.01599999999883,200.01999999999853,3.608037891992354,24.47703104419231,0.9568733153638814,0.0,10.0,200.0,600.0,240.0
10.62340364732356,3.693449547070973,5.415200319322985,160.01599999999883,200.01999999999853,3.608037891992354,24.47703104419231,0.9568733153638814,0.0,20.0,200.0,600.0,90.0
10.62340364732356,3.693449547070973,5.415200319322985,160.01599999999883,200.01999999999853,3.608037891992354,24.47703104419231,0.9568733153638814,0.0,20.0,200.0,600.0,140.0
10.62340364732356,3.693449547070973,5.415200319322985,160.01599999999883,200.01999999999853,3.608037891992354,24.47703104419231,0.9568733153638814,0.0,20.0,200.0,600.0,180.0
10.62340364732356,3.693449547070973,5.415200319322985,160.01599999999883,200.01999999999853,3.608037891992354,24.47703104419231,0.9568733153638814,0.0,20.0,200.0,600.0,240.0
10.791038205196296,3.3537250321614387,5.80461298954422,180.01799999999866,220.0219999999984,3.7606447824474323,24.85288322250116,0.9568733153638814,0.0,1.0,350.0,1400.0,90.0
10.791038205196296,3.3537250321614387,5.80461298954422,180.01799999999866,220.0219999999984,3.7606447824474323,24.85288322250116,0.9568733153638814,0.0,1.0,350.0,1400.0,140.0
10.791038205196296,3.3537250321614387,5.80461298954422,180.01799999999866,220.0219999999984,3.7606447824474323,24.85288322250116,0.9568733153638814,0.0,1.0,350.0,1400.0,180.0
10.791038205196296,3.3537250321614387,5.80461298954422,180.01799999999866,220.0219999999984,3.7606447824474323,24.85288322250116,0.9568733153638814,0.0,1.0,350.0,1400.0,240.0
10.791038205196296,3.3537250321614387,5.80461298954422,180.01799999999866,220.0219999999984,3.7606447824474323,24.85288322250116,0.9568733153638814,0.0,3.0,350.0,1400.0,90.0
10.791038205196296,3.3537250321614387,5.80461298954422,180.01799999999866,220.0219999999984,3.7606447824474323,24.85288322250116,0.9568733153638814,0.0,3.0,350.0,1400.0,140.0
10.791038205196296,3.3537250321614387,5.80461298954422,180.01799999999866,220.0219999999984,3.7606447824474323,24.85288322250116,0.9568733153638814,0.0,3.0,350.0,1400.0,180.0
10.791038205196296,3.3537250321614387,5.80461298954422,180.01799999999866,220.0219999999984,3.7606447824474323,24.85288322250116,0.9568733153638814,0.0,3.0,350.0,1400.0,240.0
10.791038205196296,3.3537250321614387,5.80461298954422,180.01799999999866,220.0219999999984,3.7606447824474323,24.85288322250116,0.9568733153638814,0.0,5.0,350.0,1400.0,90.0
10.791038205196296,3.3537250321614387,5.80461298954422,180.01799999999866,220.0219999999984,3.7606447824474323,24.85288322250116,0.9568733153638814,0.0,5.0,350.0,1400.0,140.0
10.791038205196296,3.3537250321614387,5.80461298954422,180.01799999999866,220.0219999999984,3.7606447824474323,24.85288322250116,0.9568733153638814,0.0,5.0,350.0,1400.0,180.0
10.791038205196296,3.3537250321614387,5.80461298954422,180.01799999999866,220.0219999999984,3.7606447824474323,24.85288322250116,0.9568733153638814,0.0,5.0,350.0,1400.0,240.0
10.791038205196296,3.3537250321614387,5.80461298954422,180.01799999999866,220.0219999999984,3.7606447824474323,24.85288322250116,0.9568733153638814,0.0,10.0,350.0,1400.0,90.0
10.791038205196296,3.3537250321614387,5.80461298954422,180.01799999999866,220.0219999999984,3.7606447824474323,24.85288322250116,0.9568733153638814,0.0,10.0,350.0,1400.0,140.0
10.791038205196296,3.3537250321614387,5.80461298954422,180.01799999999866,220.0219999999984,3.7606447824474323,24.85288322250116,0.9568733153638814,0.0,10.0,350.0,1400.0,180.0
10.791038205196296,3.3537250321614387,5.80461298954422,180.01799999999866,220.0219999999984,3.7606447824474323,24.85288322250116,0.9568733153638814,0.0,10.0,350.0,1400.0,240.0
10.791038205196296,3.3537250321614387,5.80461298954422,180.01799999999866,220.0219999999984,3.7606447824474323,24.85288322250116,0.9568733153638814,0.0,20.0,350.0,1400.0,90.0
10.791038205196296,3.3537250321614387,5.80461298954422,180.01799999999866,220.0219999999984,3.7606447824474323,24.85288322250116,0.9568733153638814,0.0,20.0,350.0,1400.0,140.0
10.791038205196296,3.3537250321614387,5.80461298954422,180.01799999999866,220.0219999999984,3.7606447824474323,24.85288322250116,0.9568733153638814,0.0,20.0,350.0,1400.0,180.0
10.791038205196296,3.3537250321614387,5.80461298954422,180.01799999999866,220.0219999999984,3.7606447824474323,24.85288322250116,0.9568733153638814,0.0,20.0,350.0,1400.0,240.0
11.334029208551287,3.927509580485861,5.951870516643993,180.01799999999866,220.0219999999984,3.812563415336222,24.11728103751165,0.9568733153638814,0.0,1.0,200.0,900.0,90.0
11.334029208551287,3.927509580485861,5.951870516643993,180.01799999999866,220.0219999999984,3.812563415336222,24.11728103751165,0.9568733153638814,0.0,1.0,200.0,900.0,140.0
11.334029208551287,3.927509580485861,5.951870516643993,180.01799999999866,220.0219999999984,3.812563415336222,24.11728103751165,0.9568733153638814,0.0,1.0,200.0,900.0,180.0
11.334029208551287,3.927509580485861,5.951870516643993,180.01799999999866,220.0219999999984,3.812563415336222,24.11728103751165,0.9568733153638814,0.0,1.0,200.0,900.0,240.0
11.334029208551287,3.927509580485861,5.951870516643993,180.01799999999866,220.0219999999984,3.812563415336222,24.11728103751165,0.9568733153638814,0.0,3.0,200.0,900.0,90.0
11.334029208551287,3.927509580485861,5.951870516643993,180.01799999999866,220.0219999999984,3.812563415336222,24.11728103751165,0.9568733153638814,0.0,3.0,200.0,900.0,140.0
11.334029208551287,3.927509580485861,5.951870516643993,180.01799999999866,220.0219999999984,3.812563415336222,24.11728103751165,0.9568733153638814,0.0,3.0,200.0,900.0,180.0
11.334029208551287,3.927509580485861,5.951870516643993,180.01799999999866,220.0219999999984,3.812563415336222,24.11728103751165,0.9568733153638814,0.0,3.0,200.0,900.0,240.0
11.334029208551287,3.927509580485861,5.951870516643993,180.01799999999866,220.0219999999984,3.812563415336222,24.11728103751165,0.9568733153638814,0.0,5.0,200.0,900.0,90.0
11.334029208551287,3.927509580485861,5.951870516643993,180.01799999999866,220.0219999999984,3.812563415336222,24.11728103751165,0.9568733153638814,0.0,5.0,200.0,900.0,140.0
11.334029208551287,3.927509580485861,5.951870516643993,180.01799999999866,220.0219999999984,3.812563415336222,24.11728103751165,0.9568733153638814,0.0,5.0,200.0,900.0,180.0
11.334029208551287,3.927509580485861,5.951870516643993,180.01799999999866,220.0219999999984,3.812563415336222,24.11728103751165,0.9568733153638814,0.0,5.0,200.0,900.0,240.0
11.334029208551287,3.927509580485861,5.951870516643993,180.01799999999866,220.0219999999984,3.812563415336222,24.11728103751165,0.9568733153638814,0.0,10.0,200.0,900.0,90.0
11.334029208551287,3.927509580485861,5.951870516643993,180.01799999999866,220.0219999999984,3.812563415336222,24.11728103751165,0.9568733153638814,0.0,10.0,200.0,900.0,140.0
11.334029208551287,3.927509580485861,5.951870516643993,180.01799999999866,220.0219999999984,3.812563415336222,24.11728103751165,0.9568733153638814,0.0,10.0,200.0,900.0,180.0
11.334029208551287,3.927509580485861,5.951870516643993,180.01799999999866,220.0219999999984,3.812563415336222,24.11728103751165,0.9568733153638814,0.0,10.0,200.0,900.0,240.0
11.334029208551287,3.927509580485861,5.951870516643993,180.01799999999866,220.0219999999984,3.812563415336222,24.11728103751165,0.9568733153638814,0.0,20.0,200.0,900.0,90.0
11.334029208551287,3.927509580485861,5.951870516643993,180.01799999999866,220.0219999999984,3.812563415336222,24.11728103751165,0.9568733153638814,0.0,20.0,200.0,900.0,140.0
11.334029208551287,3.927509580485861,5.951870516643993,180.01799999999866,220.0219999999984,3.812563415336222,24.11728103751165,0.9568733153638814,0.0,20.0,200.0,900.0,180.0
11.334029208551287,3.927509580485861,5.951870516643993,180.01799999999866,220.0219999999984,3.812563415336222,24.11728103751165,0.9568733153638814,0.0,20.0,200.0,900.0,240.0
11.721363475866557,3.602739126232405,6.414367937224536,200.01999999999853,260.0259999999981,3.921667620040274,24.55133341448984,0.9568733153638814,0.0,1.0,350.0,2200.0,90.0
11.721363475866557,3.602739126232405,6.414367937224536,200.01999999999853,260.0259999999981,3.921667620040274,24.55133341448984,0.9568733153638814,0.0,1.0,350.0,2200.0,140.0
11.721363475866557,3.602739126232405,6.414367937224536,200.01999999999853,260.0259999999981,3.921667620040274,24.55133341448984,0.9568733153638814,0.0,1.0,350.0,2200.0,180.0
11.721363475866557,3.602739126232405,6.414367937224536,200.01999999999853,260.0259999999981,3.921667620040274,24.55133341448984,0.9568733153638814,0.0,1.0,350.0,2200.0,240.0
11.721363475866557,3.602739126232405,6.414367937224536,200.01999999999853,260.0259999999981,3.921667620040274,24.55133341448984,0.9568733153638814,0.0,3.0,350.0,2200.0,90.0
11.721363475866557,3.602739126232405,6.414367937224536,200.01999999999853,260.0259999999981,3.921667620040274,24.55133341448984,0.9568733153638814,0.0,3.0,350.0,2200.0,140.0
11.721363475866557,3.602739126232405,6.414367937224536,200.01999999999853,260.0259999999981,3.921667620040274,24.55133341448984,0.9568733153638814,0.0,3.0,350.0,2200.0,180.0
11.721363475866557,3.602739126232405,6.414367937224536,200.01999999999853,260.0259999999981,3.921667620040274,24.55133341448984,0.9568733153638814,0.0,3.0,350.0,2200.0,240.0
11.721363475866557,3.602739126232405,6.414367937224536,200.01999999999853,260.0259999999981,3.921667620040274,24.55133341448984,0.9568733153638814,0.0,5.0,350.0,2200.0,90.0
11.721363475866557,3.602739126232405,6.414367937224536,200.01999999999853,260.0259999999981,3.921667620040274,24.55133341448984,0.9568733153638814,0.0,5.0,350.0,2200.0,140.0
11.721363475866557,3.602739126232405,6.414367937224536,200.01999999999853,260.0259999999981,3.921667620040274,24.55133341448984,0.9568733153638814,0.0,5.0,350.0,2200.0,180.0
11.721363475866557,3.602739126232405,6.414367937224536,200.01999999999853,260.0259999999981,3.921667620040274,24.55133341448984,0.9568733153638814,0.0,5.0,350.0,2200.0,240.0
11.721363475866557,3.602739126232405,6.414367937224536,200.01999999999853,260.0259999999981,3.921667620040274,24.55133341448984,0.9568733153638814,0.0,10.0,350.0,2200.0,90.0
11.721363475866557,3.602739126232405,6.414367937224536,200.01999999999853,260.0259999999981,3.921667620040274,24.55133341448984,0.9568733153638814,0.0,10.0,350.0,2200.0,140.0
11.721363475866557,3.602739126232405,6.414367937224536,200.01999999999853,260.0259999999981,3.921667620040274,24.55133341448984,0.9568733153638814,0.0,10.0,350.0,2200.0,180.0
11.721363475866557,3.602739126232405,6.414367937224536,200.01999999999853,260.0259999999981,3.921667620040274,24.55133341448984,0.9568733153638814,0.0,10.0,350.0,2200.0,240.0
11.721363475866557,3.602739126232405,6.414367937224536,200.01999999999853,260.0259999999981,3.921667620040274,24.55133341448984,0.9568733153638814,0.0,20.0,350.0,2200.0,90.0
11.721363475866557,3.602739126232405,6.414367937224536,200.01999999999853,260.0259999999981,3.921667620040274,24.55133341448984,0.9568733153638814,0.0,20.0,350.0,2200.0,140.0
11.721363475866557,3.602739126232405,6.414367937224536,200.01999999999853,260.0259999999981,3.921667620040274,24.55133341448984,0.9568733153638814,0.0,20.0,350.0,2200.0,180.0
11.721363475866557,3.602739126232405,6.414367937224536,200.01999999999853,260.0259999999981,3.921667620040274,24.55133341448984,0.9568733153638814,0.0,20.0,350.0,2200.0,240.0
12.206526240952531,4.916825234947786,5.714819019784093,180.01799999999866,220.0219999999984,3.729451940180643,23.220404194931923,0.9568733153638814,0.0,1.0,80.0,300.0,90.0
12.206526240952531,4.916825234947786,5.714819019784093,180.01799999999866,220.0219999999984,3.729451940180643,23.220404194931923,0.9568733153638814,0.0,1.0,80.0,300.0,140.0
12.206526240952531,4.916825234947786,5.714819019784093,180.01799999999866,220.0219999999984,3.729451940180643,23.220404194931923,0.9568733153638814,0.0,1.0,80.0,300.0,180.0
12.206526240952531,4.916825234947786,5.714819019784093,180.01799999999866,220.0219999999984,3.729451940180643,23.220404194931923,0.9568733153638814,0.0,1.0,80.0,300.0,240.0
12.206526240952531,4.916825234947786,5.714819019784093,180.01799999999866,220.0219999999984,3.729451940180643,23.220404194931923,0.9568733153638814,0.0,3.0,80.0,300.0,90.0
12.206526240952531,4.916825234947786,5.714819019784093,180.01799999999866,220.0219999999984,3.729451940180643,23.220404194931923,0.9568733153638814,0.0,3.0,80.0,300.0,140.0
12.206526240952531,4.916825234947786,5.714819019784093,180.01799999999866,220.0219999999984,3.729451940180643,23.220404194931923,0.9568733153638814,0.0,3.0,80.0,300.0,180.0
12.206526240952531,4.916825234947786,5.714819019784093,180.01799999999866,220.0219999999984,3.729451940180643,23.220404194931923,0.9568733153638814,0.0,3.0,80.0,300.0,240.0
12.206526240952531,4.916825234947786,5.714819019784093,180.01799999999866,220.0219999999984,3.729451940180643,23.220404194931923,0.9568733153638814,0.0,5.0,80.0,300.0,90.0
12.206526240952531,4.916825234947786,5.714819019784093,180.01799999999866,220.0219999999984,3.729451940180643,23.220404194931923,0.9568733153638814,0.0,5.0,80.0,300.0,140.0
12.206526240952531,4.916825234947786,5.714819019784093,180.01799999999866,220.0219999999984,3.729451940180643,23.220404194931923,0.9568733153638814,0.0,5.0,80.0,300.0,180.0
12.206526240952531,4.916825234947786,5.714819019784093,180.01799999999866,220.0219999999984,3.729451940180643,23.220404194931923,0.9568733153638814,0.0,5.0,80.0,300.0,240.0
12.206526240952531,4.916825234947786,5.714819019784093,180.01799999999866,220.0219999999984,3.729451940180643,23.220404194931923,0.9568733153638814,0.0,10.0,80.0,300.0,90.0
12.206526240952531,4.916825234947786,5.714819019784093,180.01799999999866,220.0219999999984,3.729451940180643,23.220404194931923,0.9568733153638814,0.0,10.0,80.0,300.0,140.0
12.206526240952531,4.916825234947786,5.714819019784093,180.01799999999866,220.0219999999984,3.729451940180643,23.220404194931923,0.9568733153638814,0.0,10.0,80.0,300.0,180.0
12.206526240952531,4.916825234947786,5.714819019784093,180.01799999999866,220.0219999999984,3.729451940180643,23.220404194931923,0.9568733153638814,0.0,10.0,80.0,300.0,240.0
12.206526240952531,4.916825234947786,5.714819019784093,180.01799999999866,220.0219999999984,3.729451940180643,23.220404194931923,0.9568733153638814,0.0,20.0,80.0,300.0,90.0
12.206526240952531,4.916825234947786,5.714819019784093,180.01799999999866,220.0219999999984,3.729451940180643,23.220404194931923,0.9568733153638814,0.0,20.0,80.0,300.0,140.0
12.206526240952531,4.916825234947786,5.714819019784093,180.01799999999866,220.0219999999984,3.729451940180643,23.220404194931923,0.9568733153638814,0.0,20.0,80.0,300.0,180.0
12.206526240952531,4.916825234947786,5.714819019784093,180.01799999999866,220.0219999999984,3.729451940180643,23.220404194931923,0.9568733153638814,0.0,20.0,80.0,300.0,240.0
12.407702653739719,4.635934715226254,6.08624902194233,200.01999999999853,240.02399999999824,3.8532244154361037,23.379164659914956,0.9568733153638814,0.0,1.0,120.0,600.0,90.0
12.407702653739719,4.635934715226254,6.08624902194233,200.01999999999853,240.02399999999824,3.8532244154361037,23.379164659914956,0.9568733153638814,0.0,1.0,120.0,600.0,140.0
12.407702653739719,4.635934715226254,6.08624902194233,200.01999999999853,240.02399999999824,3.8532244154361037,23.379164659914956,0.9568733153638814,0.0,1.0,120.0,600.0,180.0
12.407702653739719,4.635934715226254,6.08624902194233,200.01999999999853,240.02399999999824,3.8532244154361037,23.379164659914956,0.9568733153638814,0.0,1.0,120.0,600.0,240.0
12.407702653739719,4.635934715226254,6.08624902194233,200.01999999999853,240.02399999999824,3.8532244154361037,23.379164659914956,0.9568733153638814,0.0,3.0,120.0,600.0,90.0
12.407702653739719,4.635934715226254,6.08624902194233,200.01999999999853,240.02399999999824,3.8532244154361037,23.379164659914956,0.9568733153638814,0.0,3.0,120.0,600.0,140.0
12.407702653739719,4.635934715226254,6.08624902194233,200.01999999999853,240.02399999999824,3.8532244154361037,23.379164659914956,0.9568733153638814,0.0,3.0,120.0,600.0,180.0
12.407702653739719,4.635934715226254,6.08624902194233,200.01999999999853,240.02399999999824,3.8532244154361037,23.379164659914956,0.9568733153638814,0.0,3.0,120.0,600.0,240.0
12.407702653739719,4.635934715226254,6.08624902194233,200.01999999999853,240.02399999999824,3.8532244154361037,23.379164659914956,0.9568733153638814,0.0,5.0,120.0,600.0,90.0
12.407702653739719,4.635934715226254,6.08624902194233,200.01999999999853,240.02399999999824,3.8532244154361037,23.379164659914956,0.9568733153638814,0.0,5.0,120.0,600.0,140.0
12.407702653739719,4.635934715226254,6.08624902194233,200.01999999999853,240.02399999999824,3.8532244154361037,23.379164659914956,0.9568733153638814,0.0,5.0,120.0,600.0,180.0
12.407702653739719,4.635934715226254,6.08624902194233,200.01999999999853,240.02399999999824,3.8532244154361037,23.379164659914956,0.9568733153638814,0.0,5.0,120.0,600.0,240.0
12.407702653739719,4.635934715226254,6.08624902194233,200.01999999999853,240.02399999999824,3.8532244154361037,23.379164659914956,0.9568733153638814,0.0,10.0,120.0,600.0,90.0
12.407702653739719,4.635934715226254,6.08624902194233,200.01999999999853,240.02399999999824,3.8532244154361037,23.379164659914956,0.9568733153638814,0.0,10.0,120.0,600.0,140.0
12.407702653739719,4.635934715226254,6.08624902194233,200.01999999999853,240.02399999999824,3.8532244154361037,23.379164659914956,0.9568733153638814,0.0,10.0,120.0,600.0,180.0
12.407702653739719,4.635934715226254,6.08624902194233,200.01999999999853,240.02399999999824,3.8532244154361037,23.379164659914956,0.9568733153638814,0.0,10.0,120.0,600.0,240.0
12.407702653739719,4.635934715226254,6.08624902194233,200.01999999999853,240.02399999999824,3.8532244154361037,23.379164659914956,0.9568733153638814,0.0,20.0,120.0,600.0,90.0
12.407702653739719,4.635934715226254,6.08624902194233,200.01999999999853,240.02399999999824,3.8532244154361037,23.379164659914956,0.9568733153638814,0.0,20.0,120.0,600.0,140.0
12.407702653739719,4.635934715226254,6.08624902194233,200.01999999999853,240.02399999999824,3.8532244154361037,23.379164659914956,0.9568733153638814,0.0,20.0,120.0,600.0,180.0
12.407702653739719,4.635934715226254,6.08624902194233,200.01999999999853,240.02399999999824,3.8532244154361037,23.379164659914956,0.9568733153638814,0.0,20.0,120.0,600.0,240.0
12.652360149384792,4.17880138480401,6.532956062778264,220.0219999999984,280.027999999998,3.944243069593126,23.753192789110006,0.9568733153638814,0.0,1.0,200.0,1400.0,90.0
12.652360149384792,4.17880138480401,6.532956062778264,220.0219999999984,280.027999999998,3.944243069593126,23.753192789110006,0.9568733153638814,0.0,1.0,200.0,1400.0,140.0
12.652360149384792,4.17880138480401,6.532956062778264,220.0219999999984,280.027999999998,3.944243069593126,23.753192789110006,0.9568733153638814,0.0,1.0,200.0,1400.0,180.0
12.652360149384792,4.17880138480401,6.532956062778264,220.0219999999984,280.027999999998,3.944243069593126,23.753192789110006,0.9568733153638814,0.0,1.0,200.0,1400.0,240.0
12.652360149384792,4.17880138480401,6.532956062778264,220.0219999999984,280.027999999998,3.944243069593126,23.753192789110006,0.9568733153638814,0.0,3.0,200.0,1400.0,90.0
12.652360149384792,4.17880138480401,6.532956062778264,220.0219999999984,280.027999999998,3.944243069593126,23.753192789110006,0.9568733153638814,0.0,3.0,200.0,1400.0,140.0
12.652360149384792,4.17880138480401,6.532956062778264,220.0219999999984,280.027999999998,3.944243069593126,23.753192789110006,0.9568733153638814,0.0,3.0,200.0,1400.0,180.0
12.652360149384792,4.17880138480401,6.532956062778264,220.0219999999984,280.027999999998,3.944243069593126,23.753192789110006,0.9568733153638814,0.0,3.0,200.0,1400.0,240.0
12.652360149384792,4.17880138480401,6.532956062778264,220.0219999999984,280.027999999998,3.944243069593126,23.753192789110006,0.9568733153638814,0.0,5.0,200.0,1400.0,90.0
12.652360149384792,4.17880138480401,6.532956062778264,220.0219999999984,280.027999999998,3.944243069593126,23.753192789110006,0.9568733153638814,0.0,5.0,200.0,1400.0,140.0
12.652360149384792,4.17880138480401,6.532956062778264,220.0219999999984,280.027999999998,3.944243069593126,23.753192789110006,0.9568733153638814,0.0,5.0,200.0,1400.0,180.0
12.652360149384792,4.17880138480401,6.532956062778264,220.0219999999984,280.027999999998,3.944243069593126,23.753192789110006,0.9568733153638814,0.0,5.0,200.0,1400.0,240.0
12.652360149384792,4.17880138480401,6.532956062778264,220.0219999999984,280.027999999998,3.944243069593126,23.753192789110006,0.9568733153638814,0.0,10.0,200.0,1400.0,90.0
12.652360149384792,4.17880138480401,6.532956062778264,220.0219999999984,280.027999999998,3.944243069593126,23.753192789110006,0.9568733153638814,0.0,10.0,200.0,1400.0,140.0
12.652360149384792,4.17880138480401,6.532956062778264,220.0219999999984,280.027999999998,3.944243069593126,23.753192789110006,0.9568733153638814,0.0,10.0,200.0,1400.0,180.0
12.652360149384792,4.17880138480401,6.532956062778264,220.0219999999984,280.027999999998,3.944243069593126,23.753192789110006,0.9568733153638814,0.0,10.0,200.0,1400.0,240.0
12.652360149384792,4.17880138480401,6.532956062778264,220.0219999999984,280.027999999998,3.944243069593126,23.753192789110006,0.9568733153638814,0.0,20.0,200.0,1400.0,90.0
12.652360149384792,4.17880138480401,6.532956062778264,220.0219999999984,280.027999999998,3.944243069593126,23.753192789110006,0.9568733153638814,0.0,20.0,200.0,1400.0,140.0
12.652360149384792,4.17880138480401,6.532956062778264,220.0219999999984,280.027999999998,3.944243069593126,23.753192789110006,0.9568733153638814,0.0,20.0,200.0,1400.0,180.0
12.652360149384792,4.17880138480401,6.532956062778264,220.0219999999984,280.027999999998,3.944243069593126,23.753192789110006,0.9568733153638814,0.0,20.0,200.0,1400.0,240.0
13.361546295767983,4.939087462782852,6.608083118356701,220.0219999999984,280.027999999998,3.9555018023956285,22.97360622879047,0.9568733153638814,0.0,1.0,120.0,900.0,90.0
13.361546295767983,4.939087462782852,6.608083118356701,220.0219999999984,280.027999999998,3.9555018023956285,22.97360622879047,0.9568733153638814,0.0,1.0,120.0,900.0,140.0
13.361546295767983,4.939087462782852,6.608083118356701,220.0219999999984,280.027999999998,3.9555018023956285,22.97360622879047,0.9568733153638814,0.0,1.0,120.0,900.0,180.0
13.361546295767983,4.939087462782852,6.608083118356701,220.0219999999984,280.027999999998,3.9555018023956285,22.97360622879047,0.9568733153638814,0.0,1.0,120.0,900.0,240.0
13.361546295767983,4.939087462782852,6.608083118356701,220.0219999999984,280.027999999998,3.9555018023956285,22.97360622879047,0.9568733153638814,0.0,3.0,120.0,900.0,90.0
13.361546295767983,4.939087462782852,6.608083118356701,220.0219999999984,280.027999999998,3.9555018023956285,22.97360622879047,0.9568733153638814,0.0,3.0,120.0,900.0,140.0
13.361546295767983,4.939087462782852,6.608083118356701,220.0219999999984,280.027999999998,3.9555018023956285,22.97360622879047,0.9568733153638814,0.0,3.0,120.0,900.0,180.0
13.361546295767983,4.939087462782852,6.608083118356701,220.0219999999984,280.027999999998,3.9555018023956285,22.97360622879047,0.9568733153638814,0.0,3.0,120.0,900.0,240.0
13.361546295767983,4.939087462782852,6.608083118356701,220.0219999999984,280.027999999998,3.9555018023956285,22.97360622879047,0.9568733153638814,0.0,5.0,120.0,900.0,90.0
13.361546295767983,4.939087462782852,6.608083118356701,220.0219999999984,280.027999999998,3.9555018023956285,22.97360622879047,0.9568733153638814,0.0,5.0,120.0,900.0,140.0
13.361546295767983,4.939087462782852,6.608083118356701,220.0219999999984,280.027999999998,3.9555018023956285,22.97360622879047,0.9568733153638814,0.0,5.0,120.0,900.0,180.0
13.361546295767983,4.939087462782852,6.608083118356701,220.0219999999984,280.027999999998,3.9555018023956285,22.97360622879047,0.9568733153638814,0.0,5.0,120.0,900.0,240.0
13.361546295767983,4.939087462782852,6.608083118356701,220.0219999999984,280.027999999998,3.9555018023956285,22.97360622879047,0.9568733153638814,0.0,10.0,120.0,900.0,90.0
13.361546295767983,4.939087462782852,6.608083118356701,220.0219999999984,280.027999999998,3.9555018023956285,22.97360622879047,0.9568733153638814,0.0,10.0,120.0,900.0,140.0
13.361546295767983,4.939087462782852,6.608083118356701,220.0219999999984,280.027999999998,3.9555018023956285,22.97360622879047,0.9568733153638814,0.0,10.0,120.0,900.0,180.0
13.361546295767983,4.939087462782852,6.608083118356701,220.0219999999984,280.027999999998,3.9555018023956285,22.97360622879047,0.9568733153638814,0.0,10.0,120.0,900.0,240.0
13.361546295767983,4.939087462782852,6.608083118356701,220.0219999999984,280.027999999998,3.9555018023956285,22.97360622879047,0.9568733153638814,0.0,20.0,120.0,900.0,90.0
13.361546295767983,4.939087462782852,6.608083118356701,220.0219999999984,280.027999999998,3.9555018023956285,22.97360622879047,0.9568733153638814,0.0,20.0,120.0,900.0,140.0
13.361546295767983,4.939087462782852,6.608083118356701,220.0219999999984,280.027999999998,3.9555018023956285,22.97360622879047,0.9568733153638814,0.0,20.0,120.0,900.0,180.0
13.361546295767983,4.939087462782852,6.608083118356701,220.0219999999984,280.027999999998,3.9555018023956285,22.97360622879047,0.9568733153638814,0.0,20.0,120.0,900.0,240.0
13.765507550319692,4.440755359310134,7.119403385803809,260.0259999999981,320.03199999999765,3.975340485010441,23.43469609638819,0.9568733153638814,0.0,1.0,200.0,2200.0,90.0
13.765507550319692,4.440755359310134,7.119403385803809,260.0259999999981,320.03199999999765,3.975340485010441,23.43469609638819,0.9568733153638814,0.0,1.0,200.0,2200.0,140.0
13.765507550319692,4.440755359310134,7.119403385803809,260.0259999999981,320.03199999999765,3.975340485010441,23.43469609638819,0.9568733153638814,0.0,1.0,200.0,2200.0,180.0
13.765507550319692,4.440755359310134,7.119403385803809,260.0259999999981,320.03199999999765,3.975340485010441,23.43469609638819,0.9568733153638814,0.0,1.0,200.0,2200.0,240.0
13.765507550319692,4.440755359310134,7.119403385803809,260.0259999999981,320.03199999999765,3.975340485010441,23.43469609638819,0.9568733153638814,0.0,3.0,200.0,2200.0,90.0
13.765507550319692,4.440755359310134,7.119403385803809,260.0259999999981,320.03199999999765,3.975340485010441,23.43469609638819,0.9568733153638814,0.0,3.0,200.0,2200.0,140.0
13.765507550319692,4.440755359310134,7.119403385803809,260.0259999999981,320.03199999999765,3.975340485010441,23.43469609638819,0.9568733153638814,0.0,3.0,200.0,2200.0,180.0
13.765507550319692,4.440755359310134,7.119403385803809,260.0259999999981,320.03199999999765,3.975340485010441,23.43469609638819,0.9568733153638814,0.0,3.0,200.0,2200.0,240.0
13.765507550319692,4.440755359310134,7.119403385803809,260.0259999999981,320.03199999999765,3.975340485010441,23.43469609638819,0.9568733153638814,0.0,5.0,200.0,2200.0,90.0
13.765507550319692,4.440755359310134,7.119403385803809,260.0259999999981,320.03199999999765,3.975340485010441,23.43469609638819,0.9568733153638814,0.0,5.0,200.0,2200.0,140.0
13.765507550319692,4.440755359310134,7.119403385803809,260.0259999999981,320.03199999999765,3.975340485010441,23.43469609638819,0.9568733153638814,0.0,5.0,200.0,2200.0,180.0
13.765507550319692,4.440755359310134,7.119403385803809,260.0259999999981,320.03199999999765,3.975340485010441,23.43469609638819,0.9568733153638814,0.0,5.0,200.0,2200.0,240.0
13.765507550319692,4.440755359310134,7.119403385803809,260.0259999999981,320.03199999999765,3.975340485010441,23.43469609638819,0.9568733153638814,0.0,10.0,200.0,2200.0,90.0
13.765507550319692,4.440755359310134,7.119403385803809,260.0259999999981,320.03199999999765,3.975340485010441,23.43469609638819,0.9568733153638814,0.0,10.0,200.0,2200.0,140.0
13.765507550319692,4.440755359310134,7.119403385803809,260.0259999999981,320.03199999999765,3.975340485010441,23.43469609638819,0.9568733153638814,0.0,10.0,200.0,2200.0,180.0
13.765507550319692,4.440755359310134,7.119403385803809,260.0259999999981,320.03199999999765,3.975340485010441,23.43469609638819,0.9568733153638814,0.0,10.0,200.0,2200.0,240.0
13.765507550319692,4.440755359310134,7.119403385803809,260.0259999999981,320.03199999999765,3.975340485010441,23.43469609638819,0.9568733153638814,0.0,20.0,200.0,2200.0,90.0
13.765507550319692,4.440755359310134,7.119403385803809,260.0259999999981,320.03199999999765,3.975340485010441,23.43469609638819,0.9568733153638814,0.0,20.0,200.0,2200.0,140.0
13.765507550319692,4.440755359310134,7.119403385803809,260.0259999999981,320.03199999999765,3.975340485010441,23.43469609638819,0.9568733153638814,0.0,20.0,200.0,2200.0,180.0
13.765507550319692,4.440755359310134,7.119403385803809,260.0259999999981,320.03199999999765,3.975340485010441,23.43469609638819,0.9568733153638814,0.0,20.0,200.0,2200.0,240.0
13.990769083615383,5.613642498928001,6.604942705929136,220.0219999999984,280.027999999998,3.955507079586897,22.41165055073178,0.9568733153638814,0.0,1.0,80.0,600.0,90.0
13.990769083615383,5.613642498928001,6.604942705929136,220.0219999999984,280.027999999998,3.955507079586897,22.41165055073178,0.9568733153638814,0.0,1.0,80.0,600.0,140.0
13.990769083615383,5.613642498928001,6.604942705929136,220.0219999999984,280.027999999998,3.955507079586897,22.41165055073178,0.9568733153638814,0.0,1.0,80.0,600.0,180.0
13.990769083615383,5.613642498928001,6.604942705929136,220.0219999999984,280.027999999998,3.955507079586897,22.41165055073178,0.9568733153638814,0.0,1.0,80.0,600.0,240.0
13.990769083615383,5.613642498928001,6.604942705929136,220.0219999999984,280.027999999998,3.955507079586897,22.41165055073178,0.9568733153638814,0.0,3.0,80.0,600.0,90.0
13.990769083615383,5.613642498928001,6.604942705929136,220.0219999999984,280.027999999998,3.955507079586897,22.41165055073178,0.9568733153638814,0.0,3.0,80.0,600.0,140.0
13.990769083615383,5.613642498928001,6.604942705929136,220.0219999999984,280.027999999998,3.955507079586897,22.41165055073178,0.9568733153638814,0.0,3.0,80.0,600.0,180.0
13.990769083615383,5.613642498928001,6.604942705929136,220.0219999999984,280.027999999998,3.955507079586897,22.41165055073178,0.9568733153638814,0.0,3.0,80.0,600.0,240.0
13.990769083615383,5.613642498928001,6.604942705929136,220.0219999999984,280.027999999998,3.955507079586897,22.41165055073178,0.9568733153638814,0.0,5.0,80.0,600.0,90.0
13.990769083615383,5.613642498928001,6.604942705929136,220.0219999999984,280.027999999998,3.955507079586897,22.41165055073178,0.9568733153638814,0.0,5.0,80.0,600.0,140.0
13.990769083615383,5.613642498928001,6.604942705929136,220.0219999999984,280.027999999998,3.955507079586897,22.41165055073178,0.9568733153638814,0.0,5.0,80.0,600.0,180.0
13.990769083615383,5.613642498928001,6.604942705929136,220.0219999999984,280.027999999998,3.955507079586897,22.41165055073178,0.9568733153638814,0.0,5.0,80.0,600.0,240.0
13.990769083615383,5.613642498928001,6.604942705929136,220.0219999999984,280.027999999998,3.955507079586897,22.41165055073178,0.9568733153638814,0.0,10.0,80.0,600.0,90.0
13.990769083615383,5.613642498928001,6.604942705929136,220.0219999999984,280.027999999998,3.955507079586897,22.41165055073178,0.9568733153638814,0.0,10.0,80.0,600.0,140.0
13.990769083615383,5.613642498928001,6.604942705929136,220.0219999999984,280.027999999998,3.955507079586897,22.41165055073178,0.9568733153638814,0.0,10.0,80.0,600.0,180.0
13.990769083615383,5.613642498928001,6.604942705929136,220.0219999999984,280.027999999998,3.955507079586897,22.41165055073178,0.9568733153638814,0.0,10.0,80.0,600.0,240.0
13.990769083615383,5.613642498928001,6.604942705929136,220.0219999999984,280.027999999998,3.955507079586897,22.41165055073178,0.9568733153638814,0.0,20.0,80.0,600.0,90.0
13.990769083615383,5.613642498928001,6.604942705929136,220.0219999999984,280.027999999998,3.955507079586897,22.41165055073178,0.9568733153638814,0.0,20.0,80.0,600.0,140.0
13.990769083615383,5.613642498928001,6.604942705929136,220.0219999999984,280.027999999998,3.955507079586897,22.41165055073178,0.9568733153638814,0.0,20.0,80.0,600.0,180.0
13.990769083615383,5.613642498928001,6.604942705929136,220.0219999999984,280.027999999998,3.955507079586897,22.41165055073178,0.9568733153638814,0.0,20.0,80.0,600.0,240.0
14.695586206235909,5.233706871530462,7.16511583054412,260.0259999999981,340.0339999999975,3.9727242150558353,22.58650740036287,0.9568733153638814,0.0,1.0,120.0,1400.0,90.0
14.695586206235909,5.233706871530462,7.16511583054412,260.0259999999981,340.0339999999975,3.9727242150558353,22.58650740036287,0.9568733153638814,0.0,1.0,120.0,1400.0,140.0
14.695586206235909,5.233706871530462,7.16511583054412,260.0259999999981,340.0339999999975,3.9727242150558353,22.58650740036287,0.9568733153638814,0.0,1.0,120.0,1400.0,180.0
14.695586206235909,5.233706871530462,7.16511583054412,260.0259999999981,340.0339999999975,3.9727242150558353,22.58650740036287,0.9568733153638814,0.0,1.0,120.0,1400.0,240.0
14.695586206235909,5.233706871530462,7.16511583054412,260.0259999999981,340.0339999999975,3.9727242150558353,22.58650740036287,0.9568733153638814,0.0,3.0,120.0,1400.0,90.0
14.695586206235909,5.233706871530462,7.16511583054412,260.0259999999981,340.0339999999975,3.9727242150558353,22.58650740036287,0.9568733153638814,0.0,3.0,120.0,1400.0,140.0
14.695586206235909,5.233706871530462,7.16511583054412,260.0259999999981,340.0339999999975,3.9727242150558353,22.58650740036287,0.9568733153638814,0.0,3.0,120.0,1400.0,180.0
14.695586206235909,5.233706871530462,7.16511583054412,260.0259999999981,340.0339999999975,3.9727242150558353,22.58650740036287,0.9568733153638814,0.0,3.0,120.0,1400.0,240.0
14.695586206235909,5.233706871530462,7.16511583054412,260.0259999999981,340.0339999999975,3.9727242150558353,22.58650740036287,0.9568733153638814,0.0,5.0,120.0,1400.0,90.0
14.695586206235909,5.233706871530462,7.16511583054412,260.0259999999981,340.0339999999975,3.9727242150558353,22.58650740036287,0.9568733153638814,0.0,5.0,120.0,1400.0,140.0
14.695586206235909,5.233706871530462,7.16511583054412,260.0259999999981,340.0339999999975,3.9727242150558353,22.58650740036287,0.9568733153638814,0.0,5.0,120.0,1400.0,180.0
14.695586206235909,5.233706871530462,7.16511583054412,260.0259999999981,340.0339999999975,3.9727242150558353,22.58650740036287,0.9568733153638814,0.0,5.0,120.0,1400.0,240.0
14.695586206235909,5.233706871530462,7.16511583054412,260.0259999999981,340.0339999999975,3.9727242150558353,22.58650740036287,0.9568733153638814,0.0,10.0,120.0,1400.0,90.0
14.695586206235909,5.233706871530462,7.16511583054412,260.0259999999981,340.0339999999975,3.9727242150558353,22.58650740036287,0.9568733153638814,0.0,10.0,120.0,1400.0,140.0
14.695586206235909,5.233706871530462,7.16511583054412,260.0259999999981,340.0339999999975,3.9727242150558353,22.58650740036287,0.9568733153638814,0.0,10.0,120.0,1400.0,180.0
14.695586206235909,5.233706871530462,7.16511583054412,260.0259999999981,340.0339999999975,3.9727242150558353,22.58650740036287,0.9568733153638814,0.0,10.0,120.0,1400.0,240.0
14.695586206235909,5.233706871530462,7.16511583054412,260.0259999999981,340.0339999999975,3.9727242150558353,22.58650740036287,0.9568733153638814,0.0,20.0,120.0,1400.0,90.0
14.695586206235909,5.233706871530462,7.16511583054412,260.0259999999981,340.0339999999975,3.9727242150558353,22.58650740036287,0.9568733153638814,0.0,20.0,120.0,1400.0,140.0
14.695586206235909,5.233706871530462,7.16511583054412,260.0259999999981,340.0339999999975,3.9727242150558353,22.58650740036287,0.9568733153638814,0.0,20.0,120.0,1400.0,180.0
14.695586206235909,5.233706871530462,7.16511583054412,260.0259999999981,340.0339999999975,3.9727242150558353,22.58650740036287,0.9568733153638814,0.0,20.0,120.0,1400.0,240.0
15.293055517396308,6.783819612515051,6.612086278305142,220.0219999999984,300.0299999999978,3.9555140182259936,21.552034347993477,0.9568733153638814,0.0,1.0,40.0,300.0,90.0
15.293055517396308,6.783819612515051,6.612086278305142,220.0219999999984,300.0299999999978,3.9555140182259936,21.552034347993477,0.9568733153638814,0.0,1.0,40.0,300.0,140.0
15.293055517396308,6.783819612515051,6.612086278305142,220.0219999999984,300.0299999999978,3.9555140182259936,21.552034347993477,0.9568733153638814,0.0,1.0,40.0,300.0,180.0
15.293055517396308,6.783819612515051,6.612086278305142,220.0219999999984,300.0299999999978,3.9555140182259936,21.552034347993477,0.9568733153638814,0.0,1.0,40.0,300.0,240.0
15.293055517396308,6.783819612515051,6.612086278305142,220.0219999999984,300.0299999999978,3.9555140182259936,21.552034347993477,0.9568733153638814,0.0,3.0,40.0,300.0,90.0
15.293055517396308,6.783819612515051,6.612086278305142,220.0219999999984,300.0299999999978,3.9555140182259936,21.552034347993477,0.9568733153638814,0.0,3.0,40.0,300.0,140.0
15.293055517396308,6.783819612515051,6.612086278305142,220.0219999999984,300.0299999999978,3.9555140182259936,21.552034347993477,0.9568733153638814,0.0,3.0,40.0,300.0,180.0
15.293055517396308,6.783819612515051,6.612086278305142,220.0219999999984,300.0299999999978,3.9555140182259936,21.552034347993477,0.9568733153638814,0.0,3.0,40.0,300.0,240.0
15.293055517396308,6.783819612515051,6.612086278305142,220.0219999999984,300.0299999999978,3.9555140182259936,21.552034347993477,0.9568733153638814,0.0,5.0,40.0,300.0,90.0
15.293055517396308,6.783819612515051,6.612086278305142,220.0219999999984,300.0299999999978,3.9555140182259936,21.552034347993477,0.9568733153638814,0.0,5.0,40.0,300.0,140.0
15.293055517396308,6.783819612515051,6.612086278305142,220.0219999999984,300.0299999999978,3.9555140182259936,21.552034347993477,0.9568733153638814,0.0,5.0,40.0,300.0,180.0
15.293055517396308,6.783819612515051,6.612086278305142,220.0219999999984,300.0299999999978,3.9555140182259936,21.552034347993477,0.9568733153638814,0.0,5.0,40.0,300.0,240.0
15.293055517396308,6.783819612515051,6.612086278305142,220.0219999999984,300.0299999999978,3.9555140182259936,21.552034347993477,0.9568733153638814,0.0,10.0,40.0,300.0,90.0
15.293055517396308,6.783819612515051,6.612086278305142,220.0219999999984,300.0299999999978,3.9555140182259936,21.552034347993477,0.9568733153638814,0.0,10.0,40.0,300.0,140.0
15.293055517396308,6.783819612515051,6.612086278305142,220.0219999999984,300.0299999999978,3.9555140182259936,21.552034347993477,0.9568733153638814,0.0,10.0,40.0,300.0,180.0
15.293055517396308,6.783819612515051,6.612086278305142,220.0219999999984,300.0299999999978,3.9555140182259936,21.552034347993477,0.9568733153638814,0.0,10.0,40.0,300.0,240.0
15.293055517396308,6.783819612515051,6.612086278305142,220.0219999999984,300.0299999999978,3.9555140182259936,21.552034347993477,0.9568733153638814,0.0,20.0,40.0,300.0,90.0
15.293055517396308,6.783819612515051,6.612086278305142,220.0219999999984,300.0299999999978,3.9555140182259936,21.552034347993477,0.9568733153638814,0.0,20.0,40.0,300.0,140.0
15.293055517396308,6.783819612515051,6.612086278305142,220.0219999999984,300.0299999999978,3.9555140182259936,21.552034347993477,0.9568733153638814,0.0,20.0,40.0,300.0,180.0
15.293055517396308,6.783819612515051,6.612086278305142,220.0219999999984,300.0299999999978,3.9555140182259936,21.552034347993477,0.9568733153638814,0.0,20.0,40.0,300.0,240.0
15.397439623520102,5.989327126843559,7.108958872141289,260.0259999999981,340.0339999999975,3.9745415081590543,21.994114129847755,0.9568733153638814,0.0,1.0,80.0,900.0,90.0
15.397439623520102,5.989327126843559,7.108958872141289,260.0259999999981,340.0339999999975,3.9745415081590543,21.994114129847755,0.9568733153638814,0.0,1.0,80.0,900.0,140.0
15.397439623520102,5.989327126843559,7.108958872141289,260.0259999999981,340.0339999999975,3.9745415081590543,21.994114129847755,0.9568733153638814,0.0,1.0,80.0,900.0,180.0
15.397439623520102,5.989327126843559,7.108958872141289,260.0259999999981,340.0339999999975,3.9745415081590543,21.994114129847755,0.9568733153638814,0.0,1.0,80.0,900.0,240.0
15.397439623520102,5.989327126843559,7.108958872141289,260.0259999999981,340.0339999999975,3.9745415081590543,21.994114129847755,0.9568733153638814,0.0,3.0,80.0,900.0,90.0
15.397439623520102,5.989327126843559,7.108958872141289,260.0259999999981,340.0339999999975,3.9745415081590543,21.994114129847755,0.9568733153638814,0.0,3.0,80.0,900.0,140.0
15.397439623520102,5.989327126843559,7.108958872141289,260.0259999999981,340.0339999999975,3.9745415081590543,21.994114129847755,0.9568733153638814,0.0,3.0,80.0,900.0,180.0
15.397439623520102,5.989327126843559,7.108958872141289,260.0259999999981,340.0339999999975,3.9745415081590543,21.994114129847755,0.9568733153638814,0.0,3.0,80.0,900.0,240.0
15.397439623520102,5.989327126843559,7.108958872141289,260.0259999999981,340.0339999999975,3.9745415081590543,21.994114129847755,0.9568733153638814,0.0,5.0,80.0,900.0,90.0
15.397439623520102,5.989327126843559,7.108958872141289,260.0259999999981,340.0339999999975,3.9745415081590543,21.994114129847755,0.9568733153638814,0.0,5.0,80.0,900.0,140.0
15.397439623520102,5.989327126843559,7.108958872141289,260.0259999999981,340.0339999999975,3.9745415081590543,21.994114129847755,0.9568733153638814,0.0,5.0,80.0,900.0,180.0
15.397439623520102,5.989327126843559,7.108958872141289,260.0259999999981,340.0339999999975,3.9745415081590543,21.994114129847755,0.9568733153638814,0.0,5.0,80.0,900.0,240.0
15.397439623520102,5.989327126843559,7.108958872141289,260.0259999999981,340.0339999999975,3.9745415081590543,21.994114129847755,0.9568733153638814,0.0,10.0,80.0,900.0,90.0
15.397439623520102,5.989327126843559,7.108958872141289,260.0259999999981,340.0339999999975,3.9745415081590543,21.994114129847755,0.9568733153638814,0.0,10.0,80.0,900.0,140.0
15.397439623520102,5.989327126843559,7.108958872141289,260.0259999999981,340.0339999999975,3.9745415081590543,21.994114129847755,0.9568733153638814,0.0,10.0,80.0,900.0,180.0
15.397439623520102,5.989327126843559,7.108958872141289,260.0259999999981,340.0339999999975,3.9745415081590543,21.994114129847755,0.9568733153638814,0.0,10.0,80.0,900.0,240.0
15.397439623520102,5.989327126843559,7.108958872141289,260.0259999999981,340.0339999999975,3.9745415081590543,21.994114129847755,0.9568733153638814,0.0,20.0,80.0,900.0,90.0
15.397439623520102,5.989327126843559,7.108958872141289,260.0259999999981,340.0339999999975,3.9745415081590543,21.994114129847755,0.9568733153638814,0.0,20.0,80.0,900.0,140.0
15.397439623520102,5.989327126843559,7.108958872141289,260.0259999999981,340.0339999999975,3.9745415081590543,21.994114129847755,0.9568733153638814,0.0,20.0,80.0,900.0,180.0
15.397439623520102,5.989327126843559,7.108958872141289,260.0259999999981,340.0339999999975,3.9745415081590543,21.994114129847755,0.9568733153638814,0.0,20.0,80.0,900.0,240.0
15.787417667439918,5.495563369873794,7.716839892177716,300.0299999999978,380.0379999999972,3.917366707730688,22.271002111983904,0.9568733153638814,0.0,1.0,120.0,2200.0,90.0
15.787417667439918,5.495563369873794,7.716839892177716,300.0299999999978,380.0379999999972,3.917366707730688,22.271002111983904,0.9568733153638814,0.0,1.0,120.0,2200.0,140.0
15.787417667439918,5.495563369873794,7.716839892177716,300.0299999999978,380.0379999999972,3.917366707730688,22.271002111983904,0.9568733153638814,0.0,1.0,120.0,2200.0,180.0
15.787417667439918,5.495563369873794,7.716839892177716,300.0299999999978,380.0379999999972,3.917366707730688,22.271002111983904,0.9568733153638814,0.0,1.0,120.0,2200.0,240.0
15.787417667439918,5.495563369873794,7.716839892177716,300.0299999999978,380.0379999999972,3.917366707730688,22.271002111983904,0.9568733153638814,0.0,3.0,120.0,2200.0,90.0
15.787417667439918,5.495563369873794,7.716839892177716,300.0299999999978,380.0379999999972,3.917366707730688,22.271002111983904,0.9568733153638814,0.0,3.0,120.0,2200.0,140.0
15.787417667439918,5.495563369873794,7.716839892177716,300.0299999999978,380.0379999999972,3.917366707730688,22.271002111983904,0.9568733153638814,0.0,3.0,120.0,2200.0,180.0
15.787417667439918,5.495563369873794,7.716839892177716,300.0299999999978,380.0379999999972,3.917366707730688,22.271002111983904,0.9568733153638814,0.0,3.0,120.0,2200.0,240.0
15.787417667439918,5.495563369873794,7.716839892177716,300.0299999999978,380.0379999999972,3.917366707730688,22.271002111983904,0.9568733153638814,0.0,5.0,120.0,2200.0,90.0
15.787417667439918,5.495563369873794,7.716839892177716,300.0299999999978,380.0379999999972,3.917366707730688,22.271002111983904,0.9568733153638814,0.0,5.0,120.0,2200.0,140.0
15.787417667439918,5.495563369873794,7.716839892177716,300.0299999999978,380.0379999999972,3.917366707730688,22.271002111983904,0.9568733153638814,0.0,5.0,120.0,2200.0,180.0
15.787417667439918,5.495563369873794,7.716839892177716,300.0299999999978,380.0379999999972,3.917366707730688,22.271002111983904,0.9568733153638814,0.0,5.0,120.0,2200.0,240.0
15.787417667439918,5.495563369873794,7.716839892177716,300.0299999999978,380.0379999999972,3.917366707730688,22.271002111983904,0.9568733153638814,0.0,10.0,120.0,2200.0,90.0
15.787417667439918,5.495563369873794,7.716839892177716,300.0299999999978,380.0379999999972,3.917366707730688,22.271002111983904,0.9568733153638814,0.0,10.0,120.0,2200.0,140.0
15.787417667439918,5.495563369873794,7.716839892177716,300.0299999999978,380.0379999999972,3.917366707730688,22.271002111983904,0.9568733153638814,0.0,10.0,120.0,2200.0,180.0
15.787417667439918,5.495563369873794,7.716839892177716,300.0299999999978,380.0379999999972,3.917366707730688,22.271002111983904,0.9568733153638814,0.0,10.0,120.0,2200.0,240.0
15.787417667439918,5.495563369873794,7.716839892177716,300.0299999999978,380.0379999999972,3.917366707730688,22.271002111983904,0.9568733153638814,0.0,20.0,120.0,2200.0,90.0
15.787417667439918,5.495563369873794,7.716839892177716,300.0299999999978,380.0379999999972,3.917366707730688,22.271002111983904,0.9568733153638814,0.0,20.0,120.0,2200.0,140.0
15.787417667439918,5.495563369873794,7.716839892177716,300.0299999999978,380.0379999999972,3.917366707730688,22.271002111983904,0.9568733153638814,0.0,20.0,120.0,2200.0,180.0
15.787417667439918,5.495563369873794,7.716839892177716,300.0299999999978,380.0379999999972,3.917366707730688,22.271002111983904,0.9568733153638814,0.0,20.0,120.0,2200.0,240.0
16.558837694637532,6.326203362776017,7.639491373326787,300.0299999999978,380.0379999999972,3.9252068597079424,21.627174939009503,0.9568733153638814,0.0,1.0,80.0,1400.0,90.0
16.558837694637532,6.326203362776017,7.639491373326787,300.0299999999978,380.0379999999972,3.9252068597079424,21.627174939009503,0.9568733153638814,0.0,1.0,80.0,1400.0,140.0
16.558837694637532,6.326203362776017,7.639491373326787,300.0299999999978,380.0379999999972,3.9252068597079424,21.627174939009503,0.9568733153638814,0.0,1.0,80.0,1400.0,180.0
16.558837694637532,6.326203362776017,7.639491373326787,300.0299999999978,380.0379999999972,3.9252068597079424,21.627174939009503,0.9568733153638814,0.0,1.0,80.0,1400.0,240.0
16.558837694637532,6.326203362776017,7.639491373326787,300.0299999999978,380.0379999999972,3.9252068597079424,21.627174939009503,0.9568733153638814,0.0,3.0,80.0,1400.0,90.0
16.558837694637532,6.326203362776017,7.639491373326787,300.0299999999978,380.0379999999972,3.9252068597079424,21.627174939009503,0.9568733153638814,0.0,3.0,80.0,1400.0,140.0
16.558837694637532,6.326203362776017,7.639491373326787,300.0299999999978,380.0379999999972,3.9252068597079424,21.627174939009503,0.9568733153638814,0.0,3.0,80.0,1400.0,180.0
16.558837694637532,6.326203362776017,7.639491373326787,300.0299999999978,380.0379999999972,3.9252068597079424,21.627174939009503,0.9568733153638814,0.0,3.0,80.0,1400.0,240.0
16.558837694637532,6.326203362776017,7.639491373326787,300.0299999999978,380.0379999999972,3.9252068597079424,21.627174939009503,0.9568733153638814,0.0,5.0,80.0,1400.0,90.0
16.558837694637532,6.326203362776017,7.639491373326787,300.0299999999978,380.0379999999972,3.9252068597079424,21.627174939009503,0.9568733153638814,0.0,5.0,80.0,1400.0,140.0
16.558837694637532,6.326203362776017,7.639491373326787,300.0299999999978,380.0379999999972,3.9252068597079424,21.627174939009503,0.9568733153638814,0.0,5.0,80.0,1400.0,180.0
16.558837694637532,6.326203362776017,7.639491373326787,300.0299999999978,380.0379999999972,3.9252068597079424,21.627174939009503,0.9568733153638814,0.0,5.0,80.0,1400.0,240.0
16.558837694637532,6.326203362776017,7.639491373326787,300.0299999999978,380.0379999999972,3.9252068597079424,21.627174939009503,0.9568733153638814,0.0,10.0,80.0,1400.0,90.0
16.558837694637532,6.326203362776017,7.639491373326787,300.0299999999978,380.0379999999972,3.9252068597079424,21.627174939009503,0.9568733153638814,0.0,10.0,80.0,1400.0,140.0
16.558837694637532,6.326203362776017,7.639491373326787,300.0299999999978,380.0379999999972,3.9252068597079424,21.627174939009503,0.9568733153638814,0.0,10.0,80.0,1400.0,180.0
16.558837694637532,6.326203362776017,7.639491373326787,300.0299999999978,380.0379999999972,3.9252068597079424,21.627174939009503,0.9568733153638814,0.0,10.0,80.0,1400.0,240.0
16.558837694637532,6.326203362776017,7.639491373326787,300.0299999999978,380.0379999999972,3.9252068597079424,21.627174939009503,0.9568733153638814,0.0,20.0,80.0,1400.0,90.0
16.558837694637532,6.326203362776017,7.639491373326787,300.0299999999978,380.0379999999972,3.9252068597079424,21.627174939009503,0.9568733153638814,0.0,20.0,80.0,1400.0,140.0
16.558837694637532,6.326203362776017,7.639491373326787,300.0299999999978,380.0379999999972,3.9252068597079424,21.627174939009503,0.9568733153638814,0.0,20.0,80.0,1400.0,180.0
16.558837694637532,6.326203362776017,7.639491373326787,300.0299999999978,380.0379999999972,3.9252068597079424,21.627174939009503,0.9568733153638814,0.0,20.0,80.0,1400.0,240.0
17.786593018252034,7.83937446822492,7.453817623943404,280.027999999998,380.0379999999972,3.9483506877760615,20.780378719984263,0.9568733153638814,0.0,1.0,40.0,600.0,90.0
17.786593018252034,7.83937446822492,7.453817623943404,280.027999999998,380.0379999999972,3.9483506877760615,20.780378719984263,0.9568733153638814,0.0,1.0,40.0,600.0,140.0
17.786593018252034,7.83937446822492,7.453817623943404,280.027999999998,380.0379999999972,3.9483506877760615,20.780378719984263,0.9568733153638814,0.0,1.0,40.0,600.0,180.0
17.786593018252034,7.83937446822492,7.453817623943404,280.027999999998,380.0379999999972,3.9483506877760615,20.780378719984263,0.9568733153638814,0.0,1.0,40.0,600.0,240.0
17.786593018252034,7.83937446822492,7.453817623943404,280.027999999998,380.0379999999972,3.9483506877760615,20.780378719984263,0.9568733153638814,0.0,3.0,40.0,600.0,90.0
17.786593018252034,7.83937446822492,7.453817623943404,280.027999999998,380.0379999999972,3.9483506877760615,20.780378719984263,0.9568733153638814,0.0,3.0,40.0,600.0,140.0
17.786593018252034,7.83937446822492,7.453817623943404,280.027999999998,380.0379999999972,3.9483506877760615,20.780378719984263,0.9568733153638814,0.0,3.0,40.0,600.0,180.0
17.786593018252034,7.83937446822492,7.453817623943404,280.027999999998,380.0379999999972,3.9483506877760615,20.780378719984263,0.9568733153638814,0.0,3.0,40.0,600.0,240.0
17.786593018252034,7.83937446822492,7.453817623943404,280.027999999998,380.0379999999972,3.9483506877760615,20.780378719984263,0.9568733153638814,0.0,5.0,40.0,600.0,90.0
17.786593018252034,7.83937446822492,7.453817623943404,280.027999999998,380.0379999999972,3.9483506877760615,20.780378719984263,0.9568733153638814,0.0,5.0,40.0,600.0,140.0
17.786593018252034,7.83937446822492,7.453817623943404,280.027999999998,380.0379999999972,3.9483506877760615,20.780378719984263,0.9568733153638814,0.0,5.0,40.0,600.0,180.0
17.786593018252034,7.83937446822492,7.453817623943404,280.027999999998,380.0379999999972,3.9483506877760615,20.780378719984263,0.9568733153638814,0.0,5.0,40.0,600.0,240.0
17.786593018252034,7.83937446822492,7.453817623943404,280.027999999998,380.0379999999972,3.9483506877760615,20.780378719984263,0.9568733153638814,0.0,10.0,40.0,600.0,90.0
17.786593018252034,7.83937446822492,7.453817623943404,280.027999999998,380.0379999999972,3.9483506877760615,20.780378719984263,0.9568733153638814,0.0,10.0,40.0,600.0,140.0
17.786593018252034,7.83937446822492,7.453817623943404,280.027999999998,380.0379999999972,3.9483506877760615,20.780378719984263,0.9568733153638814,0.0,10.0,40.0,600.0,180.0
17.786593018252034,7.83937446822492,7.453817623943404,280.027999999998,380.0379999999972,3.9483506877760615,20.780378719984263,0.9568733153638814,0.0,10.0,40.0,600.0,240.0
17.786593018252034,7.83937446822492,7.453817623943404,280.027999999998,380.0379999999972,3.9483506877760615,20.780378719984263,0.9568733153638814,0.0,20.0,40.0,600.0,90.0
17.786593018252034,7.83937446822492,7.453817623943404,280.027999999998,380.0379999999972,3.9483506877760615,20.780378719984263,0.9568733153638814,0.0,20.0,40.0,600.0,140.0
17.786593018252034,7.83937446822492,7.453817623943404,280.027999999998,380.0379999999972,3.9483506877760615,20.780378719984263,0.9568733153638814,0.0,20.0,40.0,600.0,180.0
17.786593018252034,7.83937446822492,7.453817623943404,280.027999999998,380.0379999999972,3.9483506877760615,20.780378719984263,0.9568733153638814,0.0,20.0,40.0,600.0,240.0
18.036002420582435,6.579841011185483,8.157028460037022,360.03599999999733,440.0439999999968,3.8411788928770316,21.35352769521449,0.9568733153638814,0.0,1.0,80.0,2200.0,90.0
18.036002420582435,6.579841011185483,8.157028460037022,360.03599999999733,440.0439999999968,3.8411788928770316,21.35352769521449,0.9568733153638814,0.0,1.0,80.0,2200.0,140.0
18.036002420582435,6.579841011185483,8.157028460037022,360.03599999999733,440.0439999999968,3.8411788928770316,21.35352769521449,0.9568733153638814,0.0,1.0,80.0,2200.0,180.0
18.036002420582435,6.579841011185483,8.157028460037022,360.03599999999733,440.0439999999968,3.8411788928770316,21.35352769521449,0.9568733153638814,0.0,1.0,80.0,2200.0,240.0
18.036002420582435,6.579841011185483,8.157028460037022,360.03599999999733,440.0439999999968,3.8411788928770316,21.35352769521449,0.9568733153638814,0.0,3.0,80.0,2200.0,90.0
18.036002420582435,6.579841011185483,8.157028460037022,360.03599999999733,440.0439999999968,3.8411788928770316,21.35352769521449,0.9568733153638814,0.0,3.0,80.0,2200.0,140.0
18.036002420582435,6.579841011185483,8.157028460037022,360.03599999999733,440.0439999999968,3.8411788928770316,21.35352769521449,0.9568733153638814,0.0,3.0,80.0,2200.0,180.0
18.036002420582435,6.579841011185483,8.157028460037022,360.03599999999733,440.0439999999968,3.8411788928770316,21.35352769521449,0.9568733153638814,0.0,3.0,80.0,2200.0,240.0
18.036002420582435,6.579841011185483,8.157028460037022,360.03599999999733,440.0439999999968,3.8411788928770316,21.35352769521449,0.9568733153638814,0.0,5.0,80.0,2200.0,90.0
18.036002420582435,6.579841011185483,8.157028460037022,360.03599999999733,440.0439999999968,3.8411788928770316,21.35352769521449,0.9568733153638814,0.0,5.0,80.0,2200.0,140.0
18.036002420582435,6.579841011185483,8.157028460037022,360.03599999999733,440.0439999999968,3.8411788928770316,21.35352769521449,0.9568733153638814,0.0,5.0,80.0,2200.0,180.0
18.036002420582435,6.579841011185483,8.157028460037022,360.03599999999733,440.0439999999968,3.8411788928770316,21.35352769521449,0.9568733153638814,0.0,5.0,80.0,2200.0,240.0
18.036002420582435,6.579841011185483,8.157028460037022,360.03599999999733,440.0439999999968,3.8411788928770316,21.35352769521449,0.9568733153638814,0.0,10.0,80.0,2200.0,90.0
18.036002420582435,6.579841011185483,8.157028460037022,360.03599999999733,440.0439999999968,3.8411788928770316,21.35352769521449,0.9568733153638814,0.0,10.0,80.0,2200.0,140.0
18.036002420582435,6.579841011185483,8.157028460037022,360.03599999999733,440.0439999999968,3.8411788928770316,21.35352769521449,0.9568733153638814,0.0,10.0,80.0,2200.0,180.0
18.036002420582435,6.579841011185483,8.157028460037022,360.03599999999733,440.0439999999968,3.8411788928770316,21.35352769521449,0.9568733153638814,0.0,10.0,80.0,2200.0,240.0
18.036002420582435,6.579841011185483,8.157028460037022,360.03599999999733,440.0439999999968,3.8411788928770316,21.35352769521449,0.9568733153638814,0.0,20.0,80.0,2200.0,90.0
18.036002420582435,6.579841011185483,8.157028460037022,360.03599999999733,440.0439999999968,3.8411788928770316,21.35352769521449,0.9568733153638814,0.0,20.0,80.0,2200.0,140.0
18.036002420582435,6.579841011185483,8.157028460037022,360.03599999999733,440.0439999999968,3.8411788928770316,21.35352769521449,0.9568733153638814,0.0,20.0,80.0,2200.0,180.0
18.036002420582435,6.579841011185483,8.157028460037022,360.03599999999733,440.0439999999968,3.8411788928770316,21.35352769521449,0.9568733153638814,0.0,20.0,80.0,2200.0,240.0
19.527207999217914,8.360462191834397,7.916241997565491,340.0339999999975,440.0439999999968,3.879962030517983,20.500304519651465,0.9568733153638814,0.0,1.0,40.0,900.0,90.0
19.527207999217914,8.360462191834397,7.916241997565491,340.0339999999975,440.0439999999968,3.879962030517983,20.500304519651465,0.9568733153638814,0.0,1.0,40.0,900.0,140.0
19.527207999217914,8.360462191834397,7.916241997565491,340.0339999999975,440.0439999999968,3.879962030517983,20.500304519651465,0.9568733153638814,0.0,1.0,40.0,900.0,180.0
19.527207999217914,8.360462191834397,7.916241997565491,340.0339999999975,440.0439999999968,3.879962030517983,20.500304519651465,0.9568733153638814,0.0,1.0,40.0,900.0,240.0
19.527207999217914,8.360462191834397,7.916241997565491,340.0339999999975,440.0439999999968,3.879962030517983,20.500304519651465,0.9568733153638814,0.0,3.0,40.0,900.0,90.0
19.527207999217914,8.360462191834397,7.916241997565491,340.0339999999975,440.0439999999968,3.879962030517983,20.500304519651465,0.9568733153638814,0.0,3.0,40.0,900.0,140.0
19.527207999217914,8.360462191834397,7.916241997565491,340.0339999999975,440.0439999999968,3.879962030517983,20.500304519651465,0.9568733153638814,0.0,3.0,40.0,900.0,180.0
19.527207999217914,8.360462191834397,7.916241997565491,340.0339999999975,440.0439999999968,3.879962030517983,20.500304519651465,0.9568733153638814,0.0,3.0,40.0,900.0,240.0
19.527207999217914,8.360462191834397,7.916241997565491,340.0339999999975,440.0439999999968,3.879962030517983,20.500304519651465,0.9568733153638814,0.0,5.0,40.0,900.0,90.0
19.527207999217914,8.360462191834397,7.916241997565491,340.0339999999975,440.0439999999968,3.879962030517983,20.500304519651465,0.9568733153638814,0.0,5.0,40.0,900.0,140.0
19.527207999217914,8.360462191834397,7.916241997565491,340.0339999999975,440.0439999999968,3.879962030517983,20.500304519651465,0.9568733153638814,0.0,5.0,40.0,900.0,180.0
19.527207999217914,8.360462191834397,7.916241997565491,340.0339999999975,440.0439999999968,3.879962030517983,20.500304519651465,0.9568733153638814,0.0,5.0,40.0,900.0,240.0
19.527207999217914,8.360462191834397,7.916241997565491,340.0339999999975,440.0439999999968,3.879962030517983,20.500304519651465,0.9568733153638814,0.0,10.0,40.0,900.0,90.0
19.527207999217914,8.360462191834397,7.916241997565491,340.0339999999975,440.0439999999968,3.879962030517983,20.500304519651465,0.9568733153638814,0.0,10.0,40.0,900.0,140.0
19.527207999217914,8.360462191834397,7.916241997565491,340.0339999999975,440.0439999999968,3.879962030517983,20.500304519651465,0.9568733153638814,0.0,10.0,40.0,900.0,180.0
19.527207999217914,8.360462191834397,7.916241997565491,340.0339999999975,440.0439999999968,3.879962030517983,20.500304519651465,0.9568733153638814,0.0,10.0,40.0,900.0,240.0
19.527207999217914,8.360462191834397,7.916241997565491,340.0339999999975,440.0439999999968,3.879962030517983,20.500304519651465,0.9568733153638814,0.0,20.0,40.0,900.0,90.0
19.527207999217914,8.360462191834397,7.916241997565491,340.0339999999975,440.0439999999968,3.879962030517983,20.500304519651465,0.9568733153638814,0.0,20.0,40.0,900.0,140.0
19.527207999217914,8.360462191834397,7.916241997565491,340.0339999999975,440.0439999999968,3.879962030517983,20.500304519651465,0.9568733153638814,0.0,20.0,40.0,900.0,180.0
19.527207999217914,8.360462191834397,7.916241997565491,340.0339999999975,440.0439999999968,3.879962030517983,20.500304519651465,0.9568733153638814,0.0,20.0,40.0,900.0,240.0
21.153691548147467,8.758939409914378,8.390596782971672,400.03999999999706,500.0499999999963,3.7939196837901474,20.352457343981595,0.9568733153638814,0.0,1.0,40.0,1400.0,90.0
21.153691548147467,8.758939409914378,8.390596782971672,400.03999999999706,500.0499999999963,3.7939196837901474,20.352457343981595,0.9568733153638814,0.0,1.0,40.0,1400.0,140.0
21.153691548147467,8.758939409914378,8.390596782971672,400.03999999999706,500.0499999999963,3.7939196837901474,20.352457343981595,0.9568733153638814,0.0,1.0,40.0,1400.0,180.0
21.153691548147467,8.758939409914378,8.390596782971672,400.03999999999706,500.0499999999963,3.7939196837901474,20.352457343981595,0.9568733153638814,0.0,1.0,40.0,1400.0,240.0
21.153691548147467,8.758939409914378,8.390596782971672,400.03999999999706,500.0499999999963,3.7939196837901474,20.352457343981595,0.9568733153638814,0.0,3.0,40.0,1400.0,90.0
21.153691548147467,8.758939409914378,8.390596782971672,400.03999999999706,500.0499999999963,3.7939196837901474,20.352457343981595,0.9568733153638814,0.0,3.0,40.0,1400.0,140.0
21.153691548147467,8.758939409914378,8.390596782971672,400.03999999999706,500.0499999999963,3.7939196837901474,20.352457343981595,0.9568733153638814,0.0,3.0,40.0,1400.0,180.0
21.153691548147467,8.758939409914378,8.390596782971672,400.03999999999706,500.0499999999963,3.7939196837901474,20.352457343981595,0.9568733153638814,0.0,3.0,40.0,1400.0,240.0
21.153691548147467,8.758939409914378,8.390596782971672,400.03999999999706,500.0499999999963,3.7939196837901474,20.352457343981595,0.9568733153638814,0.0,5.0,40.0,1400.0,90.0
21.153691548147467,8.758939409914378,8.390596782971672,400.03999999999706,500.0499999999963,3.7939196837901474,20.352457343981595,0.9568733153638814,0.0,5.0,40.0,1400.0,140.0
21.153691548147467,8.758939409914378,8.390596782971672,400.03999999999706,500.0499999999963,3.7939196837901474,20.352457343981595,0.9568733153638814,0.0,5.0,40.0,1400.0,180.0
21.153691548147467,8.758939409914378,8.390596782971672,400.03999999999706,500.0499999999963,3.7939196837901474,20.352457343981595,0.9568733153638814,0.0,5.0,40.0,1400.0,240.0
21.153691548147467,8.758939409914378,8.390596782971672,400.03999999999706,500.0499999999963,3.7939196837901474,20.352457343981595,0.9568733153638814,0.0,10.0,40.0,1400.0,90.0
21.153691548147467,8.758939409914378,8.390596782971672,400.03999999999706,500.0499999999963,3.7939196837901474,20.352457343981595,0.9568733153638814,0.0,10.0,40.0,1400.0,140.0
21.153691548147467,8.758939409914378,8.390596782971672,400.03999999999706,500.0499999999963,3.7939196837901474,20.352457343981595,0.9568733153638814,0.0,10.0,40.0,1400.0,180.0
21.153691548147467,8.758939409914378,8.390596782971672,400.03999999999706,500.0499999999963,3.7939196837901474,20.352457343981595,0.9568733153638814,0.0,10.0,40.0,1400.0,240.0
21.153691548147467,8.758939409914378,8.390596782971672,400.03999999999706,500.0499999999963,3.7939196837901474,20.352457343981595,0.9568733153638814,0.0,20.0,40.0,1400.0,90.0
21.153691548147467,8.758939409914378,8.390596782971672,400.03999999999706,500.0499999999963,3.7939196837901474,20.352457343981595,0.9568733153638814,0.0,20.0,40.0,1400.0,140.0
21.153691548147467,8.758939409914378,8.390596782971672,400.03999999999706,500.0499999999963,3.7939196837901474,20.352457343981595,0.9568733153638814,0.0,20.0,40.0,1400.0,180.0
21.153691548147467,8.758939409914378,8.390596782971672,400.03999999999706,500.0499999999963,3.7939196837901474,20.352457343981595,0.9568733153638814,0.0,20.0,40.0,1400.0,240.0
21.778375467684814,8.950723271158898,8.843798588456192,440.0439999999968,500.0499999999963,3.7103682862669,20.29228385822332,0.9568733153638814,0.0,1.0,40.0,2200.0,90.0
21.778375467684814,8.950723271158898,8.843798588456192,440.0439999999968,500.0499999999963,3.7103682862669,20.29228385822332,0.9568733153638814,0.0,1.0,40.0,2200.0,140.0
21.778375467684814,8.950723271158898,8.843798588456192,440.0439999999968,500.0499999999963,3.7103682862669,20.29228385822332,0.9568733153638814,0.0,1.0,40.0,2200.0,180.0
21.778375467684814,8.950723271158898,8.843798588456192,440.0439999999968,500.0499999999963,3.7103682862669,20.29228385822332,0.9568733153638814,0.0,1.0,40.0,2200.0,240.0
21.778375467684814,8.950723271158898,8.843798588456192,440.0439999999968,500.0499999999963,3.7103682862669,20.29228385822332,0.9568733153638814,0.0,3.0,40.0,2200.0,90.0
21.778375467684814,8.950723271158898,8.843798588456192,440.0439999999968,500.0499999999963,3.7103682862669,20.29228385822332,0.9568733153638814,0.0,3.0,40.0,2200.0,140.0
21.778375467684814,8.950723271158898,8.843798588456192,440.0439999999968,500.0499999999963,3.7103682862669,20.29228385822332,0.9568733153638814,0.0,3.0,40.0,2200.0,180.0
21.778375467684814,8.950723271158898,8.843798588456192,440.0439999999968,500.0499999999963,3.7103682862669,20.29228385822332,0.9568733153638814,0.0,3.0,40.0,2200.0,240.0
21.778375467684814,8.950723271158898,8.843798588456192,440.0439999999968,500.0499999999963,3.7103682862669,20.29228385822332,0.9568733153638814,0.0,5.0,40.0,2200.0,90.0
21.778375467684814,8.950723271158898,8.843798588456192,440.0439999999968,500.0499999999963,3.7103682862669,20.29228385822332,0.9568733153638814,0.0,5.0,40.0,2200.0,140.0
21.778375467684814,8.950723271158898,8.843798588456192,440.0439999999968,500.0499999999963,3.7103682862669,20.29228385822332,0.9568733153638814,0.0,5.0,40.0,2200.0,180.0
21.778375467684814,8.950723271158898,8.843798588456192,440.0439999999968,500.0499999999963,3.7103682862669,20.29228385822332,0.9568733153638814,0.0,5.0,40.0,2200.0,240.0
21.778375467684814,8.950723271158898,8.843798588456192,440.0439999999968,500.0499999999963,3.7103682862669,20.29228385822332,0.9568733153638814,0.0,10.0,40.0,2200.0,90.0
21.778375467684814,8.950723271158898,8.843798588456192,440.0439999999968,500.0499999999963,3.7103682862669,20.29228385822332,0.9568733153638814,0.0,10.0,40.0,2200.0,140.0
21.778375467684814,8.950723271158898,8.843798588456192,440.0439999999968,500.0499999999963,3.7103682862669,20.29228385822332,0.9568733153638814,0.0,10.0,40.0,2200.0,180.0
21.778375467684814,8.950723271158898,8.843798588456192,440.0439999999968,500.0499999999963,3.7103682862669,20.29228385822332,0.9568733153638814,0.0,10.0,40.0,2200.0,240.0
21.778375467684814,8.950723271158898,8.843798588456192,440.0439999999968,500.0499999999963,3.7103682862669,20.29228385822332,0.9568733153638814,0.0,20.0,40.0,2200.0,90.0
21.778375467684814,8.950723271158898,8.843798588456192,440.0439999999968,500.0499999999963,3.7103682862669,20.29228385822332,0.9568733153638814,0.0,20.0,40.0,2200.0,140.0
21.778375467684814,8.950723271158898,8.843798588456192,440.0439999999968,500.0499999999963,3.7103682862669,20.29228385822332,0.9568733153638814,0.0,20.0,40.0,2200.0,180.0
21.778375467684814,8.950723271158898,8.843798588456192,440.0439999999968,500.0499999999963,3.7103682862669,20.29228385822332,0.9568733153638814,0.0,20.0,40.0,2200.0,240.0
